id,pregunta,respuesta_conocida,donde_esta,tratamiento,respuesta_obtenida,sostenida
P01,"Según el boletín de la Cuenta de Alto Costo del Día mundial del melanoma 2026, ¿cuántos casos de melanoma se habían reportado a la CAC y con qué fecha de corte?","9.272 casos, con corte al 2 de febrero de 2026; es un dato preliminar, previo a auditoría.",contreras-2026.txt: «Un total de 9.272 casos de melanoma han sido reportados a la Cuenta de Alto Costo (CAC) con corte al 2 de febrero de 2026a.» … «a. Dato preliminar previo a auditoría»,sistema: NotebookLM con protocolo-consulta-v1 y los 22 archivos de corpus-c; un chat limpio por pregunta,"Según el boletín reportado en el documento **`contreras-2026.txt`**:

* **Número de casos reportados:** Se han informado a la Cuenta de Alto Costo (CAC) un total de **9.272 casos** de melanoma.
* **Fecha de corte:** La fecha de corte de los datos es el **2 de febrero de 2026** (definido como un *""Dato preliminar previo a auditoría""*).

**Referencia del documento y cita textual:**
* **Documento:** `contreras-2026.txt`
* **Cita textual:** *""Un total de 9.272 casos de melanoma han sido reportados a la Cuenta de Alto Costo (CAC) con corte al 2 de febrero de 2026""*.

---
💡 ¿Te gustaría conocer las cifras sobre la mortalidad, la distribución por regiones o el porcentaje de casos detectados en estadios tempranos que menciona este mismo informe?",
P02,"Según el boletín de la Cuenta de Alto Costo de 2025, ¿cuál es la supervivencia global a cinco años del melanoma cutáneo y qué ocurre en el estadio IV?","60,9 %; en el estadio IV, menos del 50 % de los pacientes sobrevive a los dos años del diagnóstico.","cuenta-de-alto-costo-2025.txt: «La supervivencia global a cinco años para el melanoma cutáneo es del 60,9%. Sin embargo, en los estadios avanzados, especialmente en el estadio IV, menos del 50% de los pacientes sobreviven a los dos años luego de confirmar el diagnóstico.»",sistema: NotebookLM con protocolo-consulta-v1 y los 22 archivos de corpus-c; un chat limpio por pregunta,"Según el boletín de la **Cuenta de Alto Costo (2025)** (documento `cuenta-de-alto-costo-2025.txt`):

* **Supervivencia global a cinco años:** La supervivencia global a cinco años para el melanoma cutáneo en Colombia es del **60,9%** (cita textual: «La supervivencia global a cinco años para el melanoma cutáneo es del 60,9%»).

* **Estadio IV:** La supervivencia a cinco años para las personas en estadio IV es menor en comparación con los demás estadios. En estadios avanzados, específicamente en el **estadio IV**, **menos del 50% de los pacientes sobreviven a los dos años** tras la confirmación del diagnóstico (citas textuales: «La supervivencia global a cinco años para las personas con melanoma cutáneo en estadio IV es menor en comparación con los demás estadios de esta condición» y «en los estadios avanzados, especialmente en el estadio IV, menos del 50% de los pacientes sobreviven a los dos años luego de confirmar el diagnóstico»).

💡 ¿Te gustaría consultar la actualización de las cifras epidemiológicas y de detección temprana reportadas para el periodo 2026?",
P03,"En el conjunto de datos SLICE-3D, ¿cómo se etiquetaron como benignas las lesiones que nunca se biopsiaron?",Son etiquetas débiles: la mayoría de las benignas nunca se biopsió; son lesiones que un dermatólogo vio en un examen de piel completo y no consideró preocupantes.,kurtansky-2024-slice3d.txt: «most never underwent a skin biopsy.» … «The weak-label tiles in this dataset depict lesions that were viewed by a dermatologist during a full body skin exam and were not determined to be concerning.»,sistema: NotebookLM con protocolo-consulta-v1 y los 22 archivos de corpus-c; un chat limpio por pregunta,"En el conjunto de datos **SLICE-3D**, las lesiones que nunca se biopsiaron se etiquetaron como benignas mediante la asignación de **""etiquetas débiles""** (*weak-labels*) y la clasificación asumida como benignas no especificadas (*assumed benign NOS*), fundamentadas en la evaluación clínica dermatológica.

El procedimiento de etiquetado se basó en los siguientes criterios expresados en las fuentes:

1. **Definición de etiquetas débiles (*weak-labels*)**: Se asignó esta categoría a aquellas imágenes que no estaban asociadas a un informe de patología y que se asumieron como benignas tras la evaluación clínica. Documento `kurtansky-2024-slice3d.txt`: *""while “weak-labels” refers to tiles assumed benign based on clinical evaluation, which were not associated with a reported biopsy""*.
2. **Criterio de evaluación clínica sin sospecha**: Se asumió que las lesiones eran benignas (*benign NOS*) si nunca se atribuyeron a un informe patológico ni fueron marcadas por el clínico como biopsiadas o extirpadas, representando lesiones observadas durante un examen cutáneo de cuerpo completo que no se consideraron preocupantes. Documento `kurtansky-2024-slice3d.txt`: *""Tiles that were never attributed to a pathology report and were not tagged by the clinician as biopsied/excised were assumed benign NOS""* y *""The weak-label tiles in this dataset depict lesions that were viewed by a dermatologist during a full body skin exam and were not determined to be concerning""*.
3. **Apariencia clínica habitual**: La gran mayoría de estas lesiones negativas/benignas no biopsiadas correspondían clínicamente a nevus (lunares) y lentigos comunes. Documento `kurtansky-2025.txt`: *""Disease negative examples included lesions that were not biopsied, many of which appear clinically as nevi and lentigines""*.

🔍 ¿Te gustaría explorar cómo afectó la inclusión de estas etiquetas débiles al rendimiento de los modelos de IA en el desafío ISIC 2024?",
P04,"¿De cuántos centros dermatológicos y de cuántos continentes proceden las lesiones de SLICE-3D, y entre qué años se atendió a los pacientes?",Siete centros dermatológicos de tres continentes; pacientes atendidos entre 2015 y 2024.,"kurtansky-2024-slice3d.txt: «The SLICE-3D dataset represents every lesion from a sample of 1,000+ patients seen between 2015 and 2024 across seven high-risk dermatologic practices and three continents.»",sistema: NotebookLM con protocolo-consulta-v1 y los 22 archivos de corpus-c; un chat limpio por pregunta,"Las lesiones del conjunto de datos **SLICE-3D** provienen de los siguientes orígenes y periodos de tiempo:

* **Número de centros dermatológicos**: Proceden de **7 centros dermatológicos**.
  * **Documento `kurtansky-2024-slice3d.txt`**: *""seven dermatologic centers from around the world""* y *""seven high-risk dermatologic practices""*. Los siete centros especificados son:
    1. **Memorial Sloan Kettering Cancer Center** (Nueva York, EE. UU.)
    2. **Hospital Clínic de Barcelona** (Barcelona, España)
    3. **The University of Queensland** (Brisbane, Australia)
    4. **Medical University of Vienna** (Viena, Austria)
    5. **University of Athens** (Atenas, Grecia)
    6. **Melanoma Institute Australia** (Sídney, Australia)
    7. **University Hospital of Basel** (Basilea, Suiza)
* **Número de continentes**: Proceden de **3 continentes**.
  * **Documento `kurtansky-2024-slice3d.txt`**: *""across seven high-risk dermatologic practices and three continents""*.
* **Años de atención a los pacientes**: Los pacientes fueron atendidos y/o fotografiados entre los años **2015 y 2024**.
  * **Documento `kurtansky-2024-slice3d.txt`**: *""patients seen between 2015 and 2024""* y *""imaged with 3D TBP between 2015 and 2024""*.

💡 ¿Te gustaría revisar los detalles sobre la cantidad total de lesiones e imágenes recopiladas o la distribución diagnóstica de este conjunto de datos?",
P05,¿Cuál es la incidencia anual de melanoma en Chile?,No está en las fuentes.,"No está en el corpus: se buscaron «chile», «chilean», «chileno» y «santiago de chile» en los 22 archivos de Downloads/corpus-c, sin ninguna coincidencia.",sistema: NotebookLM con protocolo-consulta-v1 y los 22 archivos de corpus-c; un chat limpio por pregunta,No está en las fuentes.,
P06,"En la evaluación de PanDerm sobre fotografía corporal total, ¿cuántas lesiones recomendaron para examen detallado los melanógrafos y cuántas el modelo?","8.913 los melanógrafos y 3.498 PanDerm, una reducción del 60,8 % de exámenes innecesarios.","yan-2025.txt: «reducing unnecessary examinations by 60.8% compared with melanographers (3,498 versus 8,913 lesions recommended for detailed examination)»",sistema: NotebookLM con protocolo-consulta-v1 y los 22 archivos de corpus-c; un chat limpio por pregunta,"En la evaluación de **PanDerm** sobre fotografía corporal total, las lesiones recomendadas para examen detallado fueron:

* **Los melanógrafos:** recomendaron **8,913** lesiones.
* **El modelo (PanDerm):** recomendó **3,498** lesiones.

Documento: `yan-2025.txt`  
Cita textual: «...reducing unnecessary examinations by 60.8% compared with melanographers (3,498 versus 8,913 lesions recommended for detailed examination)...»

---
💡 *¿Te gustaría explorar más sobre la sensibilidad del modelo en la detección de lesiones malignas frente a los melanógrafos o su desempeño en otras pruebas clínicas?*",
P07,"En el estudio de PanDerm, ¿cuántos pacientes, imágenes y lesiones malignas tenía el conjunto de prueba del cribado sobre fotografía corporal total?","80 pacientes, 30.698 imágenes y 28 lesiones malignas.","yan-2025.txt: «80 patients for testing (30,698 images, including 28 malignant lesions)»",sistema: NotebookLM con protocolo-consulta-v1 y los 22 archivos de corpus-c; un chat limpio por pregunta,"En el estudio de **PanDerm** (`yan-2025.txt`), el conjunto de prueba (*testing set*) para la tarea de cribado y predicción de riesgo basada en fotografía corporal total (TBP) contenía las siguientes cifras:

* **Pacientes:** **80 pacientes**.
* **Imágenes:** **30.698 imágenes** (mosaicos o *lesion image tiles*).
* **Lesiones malignas:** **28 lesiones malignas**.

Cita textual del documento `yan-2025.txt`:
> *""We stratified the data by the patient for training, validation and testing: 360 patients for training (146,752 images), 40 patients for validation (19,483 images) and 80 patients for testing (30,698 images, including 28 malignant lesions).""*

---

🔬 ¿Te gustaría profundizar en las métricas de sensibilidad o precisión que alcanzó PanDerm en este conjunto de prueba en comparación con los evaluadores humanos?",
P08,¿Cuántos equipos participaron en ISIC 2024 y cuántos envíos oficiales se evaluaron?,2.739 equipos y 4.998 envíos oficiales.,kurtansky-2025.txt: «A total of 2739 participating teams entered 4998 submissions for official scoring.»,sistema: NotebookLM con protocolo-consulta-v1 y los 22 archivos de corpus-c; un chat limpio por pregunta,"En la competición ISIC 2024 participaron **2.739 equipos** y se evaluaron **4.998 envíos oficiales** para la puntuación final.

De acuerdo con las fuentes:

* En el documento **kurtansky-2025.txt**, se precisa que participaron un total de **2.739 equipos** que realizaron **4.998 envíos oficiales para evaluación**: *""A total of 2739 participating teams entered 4998 submissions for official scoring""*.
* En el documento **kurtansky-2024-kaggle.txt**, se detalla además que el número total de participantes registrados fue de **2.739 equipos** con un acumulado general de **79.008 envíos** en la plataforma: *""2,739 Teams 79,008 Submissions""*.

💡 ¿Te gustaría profundizar en el métrico de evaluación principal utilizado en la competencia (pAUC) o en las características del modelo ganador?",
P09,"En el estudio de ablación del modelo ganador de ISIC 2024, ¿qué ocurrió al retirar las variables de contexto del paciente?","La discriminación bajó (AUC 0,956 frente a 0,967; p < 0,001) y, al umbral del 80 % de sensibilidad, se derivaban 22 lesiones no malignas adicionales.","kurtansky-2025.txt: «When patient-contextual features were withheld from the full model, skin cancer discrimination was significantly lower (AUC = 0.956 vs. AUC = 0.967, p < 0.001) and, at the threshold of 80% sensitivity, triaged 22 additional non-malignant lesions (NNT80% SE = 72.68 vs. NNT80% SE = 50.57).»",sistema: NotebookLM con protocolo-consulta-v1 y los 22 archivos de corpus-c; un chat limpio por pregunta,"En el estudio de ablación del modelo ganador de ISIC 2024, documentado en el archivo **`kurtansky-2025.txt`**, la retirada de las variables de contexto del paciente tuvo un impacto negativo sustancial en la capacidad diagnóstica del modelo.

Como se señala textualmente en **`kurtansky-2025.txt`**:
> *""When patient-contextual features were withheld from the full model, skin cancer discrimination was significantly lower (AUC = 0.956 vs. AUC = 0.967, p < 0.001) and, at the threshold of 80% sensitivity, triaged 22 additional non-malignant lesions (NNT80% SE = 72.68 vs. NNT80% SE = 50.57)""*.

En detalle, los efectos observados en el rendimiento del modelo fueron los siguientes:

### 1. Clasificación general de cáncer de piel (Malignidad)
* **Área bajo la curva ROC (AUC):** Disminuyó de manera estadísticamente significativa de **0.967** a **0.956** (\\(p < 0.001\\)).
* **pAUC (>80% TPR):** Se redujo de **0.173** a **0.165**.
* **Número necesario para evaluar a un 80% de sensibilidad (\\(NNT_{80\% SE}\\)):** Aumentó de **50.57** a **72.68**, lo que significa que el sistema trió 22 lesiones benignas adicionales por cada tumor maligno identificado.
* **Número necesario para evaluar a un 90% de sensibilidad (\\(NNT_{90\% SE}\\)):** Incrementó de **98.20** a **145.72**.
* **Sensibilidad de recuperación top-15 (\\(SE_{top-15}\\)):** Cayó de **0.729** a **0.687**.

### 2. Clasificación específica de Melanoma
* **AUC:** Disminuyó de **0.962** a **0.954**.
* **pAUC:** Se redujo de **0.169** a **0.164**.
* **\\(NNT_{80\% SE}\\):** Aumentó de **212.36** a **299.32** lesiones por melanoma detectado.
* **\\(SE_{top-15}\\):** Se redujo de **0.689** a **0.617**.

💡 ¿Te gustaría revisar cómo afectó la ablación de otros componentes, como la metadata demográfica o las mediciones morfológicas de WB360?",
P10,"¿Por qué la métrica de la competencia ISIC 2024 en Kaggle se limita a la región por encima del 80 % de tasa de verdaderos positivos, y cuál es su rango?","Porque hay regiones del espacio ROC donde la TPR es inaceptable en la práctica clínica y los sistemas de apoyo al diagnóstico de cáncer deben ser muy sensibles; el rango es de 0,0 a 0,2.","kurtansky-2024-kaggle.txt: «However, there are regions in the ROC space where the values of TPR are unacceptable in clinical practice. Systems that aid in diagnosing cancers are required to be highly-sensitive, so this metric focuses on the area under the ROC curve AND above 80% TPR. Hence, scores range from [0.0, 0.2].»",sistema: NotebookLM con protocolo-consulta-v1 y los 22 archivos de corpus-c; un chat limpio por pregunta,"La métrica principal de la competencia ISIC 2024 en Kaggle se limita a la región por encima del 80 % de la tasa de verdaderos positivos (TPR) debido a los siguientes motivos clínicos y prácticos:

* **Razones clínicas e importancia de minimizar falsos negativos:** En la práctica médica, existen regiones del espacio ROC donde los valores de sensibilidad (TPR) resultan inaceptables para el diagnóstico de cáncer. Como se indica en el documento `kurtansky-2024-kaggle.txt`: *""there are regions in the ROC space where the values of TPR are unacceptable in clinical practice. Systems that aid in diagnosing cancers are required to be highly-sensitive, so this metric focuses on the area under the ROC curve AND above 80% TPR""*.
* **Enfoque en la seguridad del paciente:** El documento `kurtansky-2025.txt` refuerza que los sistemas de apoyo al diagnóstico de cáncer requieren minimizar los falsos negativos (*""Systems that support cancer diagnostics are required to minimize false negatives""*), por lo que la evaluación se enfoca únicamente en umbrales de decisión con bajas tasas de falsos negativos exigidas en el entorno clínico (*""Focusing on thresholds with low false negative rates required in the clinical setting""*).

---

### **Rango de la métrica (pAUC)**
* **Rango cuantitativo:** El rango de la métrica de área parcial bajo la curva ROC (pAUC) por encima del 80 % de TPR es de **[0.0, 0.2]**.
* En `kurtansky-2024-kaggle.txt` se especifica textualmente: *""Hence, scores range from [0.0, 0.2]""*. De igual manera, en `kurtansky-2025.txt` se define formalmente como *""pAUC>80% TPR ∈ [0,0.2]""*.

💡 ¿Te gustaría explorar cómo afectó la inclusión de información contextual del paciente al rendimiento de los modelos ganadores en ISIC 2024?",
P11,"Según Saeb et al. (2017), ¿qué proporción de los estudios revisados usó validación cruzada por registro?",Casi la mitad: cerca del 45 % (28 de 62 artículos).,"saeb-2017.txt: «We found that 28 of these papers used record-wise while 34 used subject-wise CV.» … «Therefore, about 45% of the reviewed papers used the record-wise CV method»",sistema: NotebookLM con protocolo-consulta-v1 y los 22 archivos de corpus-c; un chat limpio por pregunta,"Según el documento **`saeb-2017.txt`**, aproximadamente el **45%** de los estudios revisados utilizó validación cruzada por registro (*record-wise cross-validation*). 

En la revisión sistemática del estudio se incluyeron **62 artículos en total**, de los cuales **28 utilizaron validación por registro** y 34 utilizaron validación por sujeto (*""28 of these papers used record-wise while 34 used subject-wise CV. Therefore, about 45% of the reviewed papers used the record-wise CV method for estimating the performance of their global models""*).

---

💡 ¿Te gustaría revisar cómo afectó el uso de la validación por registro a los niveles de precisión (*accuracy*) reportados en esos estudios en comparación con la validación por sujeto?",
P12,"¿Qué tasa de respuesta tienen los inhibidores de puntos de control inmunitario, como nivolumab o pembrolizumab, en el melanoma metastásico?",No está en las fuentes.,"No está en el corpus: se buscaron «immunotherap», «inmunoterap», «nivolumab», «pembrolizumab», «ipilimumab», «checkpoint», «anti-pd», «pd-1», «braf», «targeted therap», «terapia dirigida», «response rate» y «tasa de respuesta» en los 22 archivos. Solo aparecen «checkpoint», como punto de guardado del entrenamiento de PanDerm (yan-2025.txt), y «BRAF», en el título de una referencia sobre alteraciones germinales (mejia-posada-2024.txt). Ninguna de las dos responde la pregunta.",sistema: NotebookLM con protocolo-consulta-v1 y los 22 archivos de corpus-c; un chat limpio por pregunta,No está en las fuentes.,
P13,¿Qué explicación alternativa propone Little para la diferencia que encontraron Saeb et al. entre la validación cruzada por registro y por sujeto?,"Que la validación por sujeto causa un subajuste sistemático, explicación que no se puede descartar.",little-2017.txt: «subject-wise CV causes systematic underfitting in practice in this situation: an alternative explanation for Saeb et al.’s empirical findings that we cannot rule out.»,sistema: NotebookLM con protocolo-consulta-v1 y los 22 archivos de corpus-c; un chat limpio por pregunta,"En el documento **little-2017.txt**, Max A. Little propone que la diferencia en los resultados observada por Saeb et al. entre la validación cruzada por registro (*record-wise CV*) y por sujeto (*subject-wise CV*) no se debe necesariamente a la presencia de dependencias internas en los datos del sujeto, sino a un **subajuste sistemático (*systematic underfitting*)** provocado por un desajuste entre las distribuciones de entrenamiento y prueba.

Las explicaciones alternativas detalladas en **little-2017.txt** son las siguientes:

1. **Modelo de mezcla i.i.d. (*i.i.d. mixture model*):** Little plantea que los datos pueden ser estadísticamente independientes pero estar agrupados (*clustered*) por la identidad del sujeto, afirmando que `""observations within subjects are effectively independent, but such dependence is cited as the main motivation for using subject-wise CV""`.
2. **Desajuste de distribución (*train/test distribution mismatch*):** Al realizar la validación cruzada dividiendo estrictamente por sujeto sobre datos agrupados, se rompe el supuesto de que los conjuntos de entrenamiento y prueba provienen de la misma distribución: `""the assumption of subject-wise CV that the training and test sets come from the same distribution is effectively violated""`.
3. **Subajuste sistemático (*systematic underfitting*):** Como consecuencia del desajuste distributivo, los modelos de predicción sufren de subajuste al perder patrones clave: `""Because of this mismatch, subject-wise CV causes systematic underfitting in practice in this situation: an alternative explanation for Saeb et al.’s empirical findings that we cannot rule out""`. Little señala que este subajuste ocurre porque `""if a critical part of the pattern that relates features to the output variable is missing in the training data because an entire set of observations has been removed as they just happen to belong to a specific individual, then no predictor can be expected to make accurate predictions""`.

💡 ¿Te gustaría explorar cómo responde el grupo de Saeb et al. a estas observaciones de Little dentro del mismo documento?",
P14,"Según Kapoor y Narayanan (2023), ¿en cuántos campos y en cuántos artículos se encontró fuga de datos, y cuántos tipos de fuga distingue su taxonomía?","17 campos, 294 artículos y 8 tipos de fuga.","kapoor-narayanan-2023.txt: «we find 17 fields where leakage has been found, collectively affecting 294 papers» … «we introduce a detailed taxonomy of eight types of leakage»",sistema: NotebookLM con protocolo-consulta-v1 y los 22 archivos de corpus-c; un chat limpio por pregunta,"Según el documento **`kapoor-narayanan-2023.txt`**, los datos específicos sobre la fuga de datos son los siguientes:

* **Campos o disciplinas afectadas:** Se encontró fuga de datos en **17 campos** («17 fields where leakage has been found»).
* **Número de artículos:** La fuga de datos afectó a un total de **294 artículos** («collectively affecting 294 papers»), identificados a partir de un análisis de 22 publicaciones o revisiones previas («survey of 22 papers across 17 fields»).
* **Tipos de fuga según su taxonomía:** La taxonomía desarrollada por los autores distingue **8 tipos de fuga** («detailed taxonomy of eight types of leakage»).

💡 *¿Te gustaría explorar el detalle de los 8 tipos de fuga que propone la taxonomía de Kapoor y Narayanan o ver sus recomendaciones para prevenirlas?*",
P15,¿Cuántas imágenes duplicadas retiraron Cassidy et al. del conjunto de entrenamiento y qué ediciones del ISIC analizaron?,14.310 imágenes; las ediciones de 2016 a 2020.,"cassidy-2022.txt: «As a result of removing 14,310 duplicate im- ages from the training set» … «present an analysis of yearly releases over a period of 2016 - 2020.»",sistema: NotebookLM con protocolo-consulta-v1 y los 22 archivos de corpus-c; un chat limpio por pregunta,"Cassidy et al. en el documento **`cassidy-2022.txt`** señalan lo siguiente respecto a su análisis de los conjuntos de datos del ISIC:

* **Imágenes duplicadas retiradas del conjunto de entrenamiento**: Retiraron un total de **14.310 imágenes duplicadas** del conjunto de entrenamiento (`cassidy-2022.txt`, citas textuales: *""As a result of removing 14,310 duplicate images from the training set""* y *""The total number of duplicate image files deleted from all training sets is 14,310""*).

  El desglose de imágenes eliminadas por cada conjunto de entrenamiento anual es (`cassidy-2022.txt`, ""Table 8""):
  * **ISIC 2016**: **826** imágenes eliminadas.
  * **ISIC 2017**: **801** imágenes eliminadas.
  * **ISIC 2018**: **10.015** imágenes eliminadas (debido a que correspondían en su totalidad al dataset HAM10000, reutilizado en ediciones posteriores).
  * **ISIC 2019**: **2.235** imágenes eliminadas (incluyendo 1.927 duplicados con resolución reducida / *downsampled*).
  * **ISIC 2020**: **433** imágenes eliminadas.

* **Ediciones del ISIC analizadas**: Analizaron los lanzamientos anuales del ISIC comprendidos entre **2016 y 2020** (ISIC 2016, ISIC 2017, ISIC 2018, ISIC 2019 e ISIC 2020) (`cassidy-2022.txt`, citas textuales: *""present an analysis of yearly releases over a period of 2016 - 2020""* y *""Summary of the ISIC 2016 - 2020 datasets""*).

💡 ¿Te gustaría profundizar en las etapas específicas de la estrategia de eliminación de duplicados o en cómo afectó la presencia de artefactos no lesionales a los modelos evaluados?",
P16,"En el estudio de Sáenz et al. (2018) en una zona desfavorecida de Colombia, ¿en qué porcentaje de las consultas acertó la ontología y cuál fue su intervalo de confianza del 95 %?","75 % (48 de 64 consultas); el intervalo va de 64,4 % a 85,6 %.","saenz-2018.txt: «A total of 64 dermatological queries were recorded» … «In 75% (n = 48) of the cases, the ontology provided accurate results.» … «between 64.4% and 85.6% with a confidence interval of 95%.»",sistema: NotebookLM con protocolo-consulta-v1 y los 22 archivos de corpus-c; un chat limpio por pregunta,"En el estudio de Sáenz et al. (2018) en la fuente **`saenz-2018.txt`**, la ontología acertó en el **75 %** de las consultas (48 de 64 casos), obteniendo un **intervalo de confianza del 95 % entre el 64,4 % y el 85,6 %** (o [0,644; 0,856]).

Al no contar con número de página en el documento, se aportan las citas textuales que respaldan cada dato:

* **Porcentaje de aciertos (estimación puntual):** ""In 75% (n = 48) of the cases, the ontology provided accurate results.""
* **Intervalo de confianza del 95 %:** ""The results showed that the probability of obtaining a correct diagnosis was between 64.4% and 85.6% with a confidence interval of 95%."" (en la Tabla 3 se reporta como ""95% CI [0.644; 0.856]"").

💡 ¿Te gustaría analizar qué características clínicas de las lesiones (como su ubicación en el rostro o la definición de sus bordes) influyeron en una mayor o menor precisión de la ontología?",
P17,"En la cohorte de Mejía Posada et al. (2024), ¿cuántos pacientes con síndrome de nevus atípico se incluyeron y en qué porcentaje se diagnosticó melanoma durante el seguimiento?","368 pacientes; al 12,2 % se le diagnosticó melanoma.",mejia-posada-2024.txt: «A total of 368 patients (187 women)» … «Melanoma was diagnosed in 12.2% of patients during follow-up.»,sistema: NotebookLM con protocolo-consulta-v1 y los 22 archivos de corpus-c; un chat limpio por pregunta,"En la cohorte de **Mejía Posada et al. (2024)** (`mejia-posada-2024.txt`):

* **Pacientes incluidos:** Se incluyeron un total de **368 pacientes** con diagnóstico de síndrome de nevus atípico, cita textual: *«Se incluyeron 368 pacientes, con una mediana de edad de 43 años»* (`mejia-posada-2024.txt`).
* **Porcentaje diagnosticado con melanoma:** Durante el seguimiento de 5 años (60 meses), se diagnosticó melanoma en el **12,2%** de los pacientes (correspondiente a 45 pacientes: 15 con melanoma invasivo y 30 con melanoma *in situ*), cita textual: *«A los 60 meses de seguimiento a un 12,2% se les diagnosticó un melanoma»* y *«At the end of the follow-up, 45 patients (12.2%) developed melanomas, 15 (4.0%) invasive melanomas, and 30 (8.2%) in situ melanomas»* (`mejia-posada-2024.txt`).

🔍 ¿Te gustaría revisar los cambios dermatoscópicos específicos que se asociaron con un menor tiempo hasta el desarrollo de melanoma en esta misma cohorte?",
P18,"¿Cuánto cuesta, en pesos colombianos, una teleconsulta de dermatología en zonas rurales de Colombia?",No está en las fuentes.,"No está en el corpus: se buscaron «pesos», «cop$», «col$», «us$», «usd», «dollar», «dólar», «precio», «price», «tarifa», «cost per» y «costo por» en los 22 archivos, sin ninguna coincidencia. Las menciones de «cost» son el nombre de la Cuenta de Alto Costo, el costo computacional o el costo de manera general, sin cifras de teleconsulta.",sistema: NotebookLM con protocolo-consulta-v1 y los 22 archivos de corpus-c; un chat limpio por pregunta,«No está en las fuentes»,
P19,¿A qué universidades están afiliados los autores de Rios-Duarte et al. (2024)?,"A la Universidad de los Andes y a la Universidad Externado de Colombia, en Bogotá; uno de ellos también al Lown Scholars Program de Harvard.","rios-duarte-2024.txt: «1 School of Medicine, Universidad de los Andes, Bogotá, Colombia» … «2 Department of Mathematics, Universidad Externado de Colombia, Bogotá, Colombia» … «3 Lown Scholars Program, T.H. Chan School of Public Health, Harvard University»",sistema: NotebookLM con protocolo-consulta-v1 y los 22 archivos de corpus-c; un chat limpio por pregunta,"Los autores del estudio **Rios-Duarte et al. (2024)** (documento: **rios-duarte-2024.txt**) están afiliados a las siguientes universidades y unidades académicas:

1. **Universidad de los Andes** (Bogotá, Colombia):
   - **Jorge A. Rios-Duarte**: *""1 School of Medicine, Universidad de los Andes, Bogotá, Colombia""*.
   - **Andres C. Diaz-Valencia**: *""1 School of Medicine, Universidad de los Andes, Bogotá, Colombia""*.
   - **Ricardo A. Peña-Silva**: *""1 School of Medicine, Universidad de los Andes, Bogotá, Colombia""*.

2. **Universidad Externado de Colombia** (Bogotá, Colombia):
   - **Germán Combariza**: *""2 Department of Mathematics, Universidad Externado de Colombia, Bogotá, Colombia""*.
   - **Miguel Feles**: *""2 Department of Mathematics, Universidad Externado de Colombia, Bogotá, Colombia""*.

3. **Harvard University** (Boston, Massachusetts, EE. UU.):
   - **Ricardo A. Peña-Silva**: *""3 Lown Scholars Program, T.H. Chan School of Public Health, Harvard University, Boston, Massachusetts, USA""*.

---

En resumen, las universidades representadas son la **Universidad de los Andes**, la **Universidad Externado de Colombia** y **Harvard University**.

💡 ¿Te gustaría comparar el desempeño de los modelos entrenados con imágenes clínicas frente a imágenes dermatoscópicas que reportan Rios-Duarte et al. (2024)?",
P20,¿En qué instituciones trabajan los autores de Jojoa Acosta et al. (2021)?,"En el eVida Research Laboratory de la Universidad de Deusto, en Bilbao, y en la Universidad del Norte, en Barranquilla.","jojoa-acosta-2021.txt: «eVida Research Laboratory, University of Deusto» … «Department of Electrical and Electronics Engineering, Universidad del Norte, Km.5 Vía Puerto Colombia, Barranquilla, Colombia»",sistema: NotebookLM con protocolo-consulta-v1 y los 22 archivos de corpus-c; un chat limpio por pregunta,"En el documento `jojoa-acosta-2021.txt`, las afiliaciones institucionales de los autores se detallan de la siguiente manera:

* **Mario Fernando Jojoa Acosta**, **Liesle Yail Caballero Tovar** y **Maria Begonya Garcia-Zapirain** están afiliados a **eVida Research Laboratory, University of Deusto** (Bilbao, España), según la cita textual: *""eVida Research Laboratory, University of Deusto, Avda. Universidades 24, 48007 Bilbao, Spain""*.
* **Winston Spencer Percybrooks** está afiliado al **Department of Electrical and Electronics Engineering, Universidad del Norte** (Barranquilla, Colombia), según la cita textual: *""Department of Electrical and Electronics Engineering, Universidad del Norte, Km.5 Vía Puerto Colombia, Barranquilla, Colombia""*.

💡 ¿Te gustaría revisar las metodologías o los modelos de aprendizaje profundo específicos utilizados por estos autores en su estudio?",
