id,orden,referencia,doi,afirmacion,categoria,ubicacion,solo_resumen,doi_erroneo,nota
603,5,"Haggenmüller, S., Maron, R. C., Hekler, A., Utikal, J., Barata, C., Barnhill, R., Beltraminelli, H., Berking, C., Betz‐Stablein, B., Blum, A., Braun, S., Carr, R. D., Combalia, M., Fernández-Figueras, M., Ferrara, G., Fraitag, S., French, L., Gellrich, F., Ghoreschi, K., . . . Brinker, T. (2021). Skin cancer classification via convolutional neural networks: systematic review of studies involving human experts.. European journal of cancer, 156, 202-216. https://doi.org/10.1016/j.ejca.2021.06.049",10.1016/j.ejca.2021.06.049,"La revisión metodológica del campo concluye que casi todos los estudios usan escenarios artificiales de imagen única, lejos del contexto clínico real del paciente completo (Haggenmüller et al., 2021).",utilizable,"Resumen, «Conclusions»: ""almost all studies were conducted in highly artificial settings based exclusively on single images of the suspicious lesions""",sí,no,"Solo resumen (PubMed, PMID 34509059). El texto completo es abierto (CC BY-NC-ND) pero no se pudo abrir: ScienceDirect devuelve error, ejcancer.com y RWTH piden verificación antibots (no se sorteó) y mediaTUM da 429 o no responde. La revisión cubre 19 estudios de lectores (IA frente a clínicos, 2017-2021) con melanoma; «revisión metodológica del campo» y «paciente completo» son glosas de la respuesta. El resumen trata conjuntos de prueba, entorno y representatividad de los clínicos, no partición de datos ni sobreestimación: poco pertinente a la consulta; sin el texto completo no se puede descartar que lo trate."
405,2,Kapoor y Narayanan (2023),10.1016/j.patter.2023.100804,"Clasifica la falta de independencia entre las muestras de entrenamiento y prueba (como situar observaciones o imágenes procedentes de un mismo paciente en ambos conjuntos, tipo de fuga L3.2) como una de las causas principales de filtración de datos (data leakage). Esta práctica crea relaciones espurias que no existen en la población real, produciendo estimaciones de desempeño artificialmente altas e irreproducibles en la literatura científica.",utilizable,"Taxonomía, «[L3.2] Nonindependence between training and test samples»: ""In the extreme (but unfortunately common) case, training and test samples come from the same people or units""; definición: leakage es ""a spurious relationship between the independent variables and the target variable"" y ""usually leads to inflated estimates of model performance""",no,no,"Texto completo en PMC (PMC10499856, CC BY). L3.2 es uno de los ocho tipos de la taxonomía; «causas principales» no es literal, la fuente dice «unfortunately common». Ejemplo de la fuente: histopatología con observaciones del mismo paciente en entrenamiento y prueba (Oner et al.), no dermatología. El pasaje L3.2 no da cifras de sobreestimación. Pertinencia parcial: respalda el mecanismo, no la magnitud."
709,4,Yan et al. (2025),10.1038/s41591-025-03747-y,"Señala que dividir imágenes o lesiones de un mismo paciente a través de las particiones de entrenamiento, validación y prueba genera fuga de datos (data leakage) y compromete la validez de la evaluación del modelo. Destaca que para obtener evaluaciones realistas en dermatología es indispensable utilizar versiones ""limpias"" de los benchmarks (como las versiones corregidas de HAM10000 y BCN20000), donde todas las lesiones pertenecientes a un mismo paciente quedan restringidas a una sola partición.",utilizable,"Métodos, conjuntos de evaluación. HAM10000: la versión limpia ""prevents data leakage by ensuring that lesions from the same patient are not split across sets""; BCN20000: ""We used the clean version of BCN20000, which, like the HAM10000, addresses data leakage issues""",no,no,"Caso límite. Texto completo en PMC (PMC12353815, CC BY). La fuente lo dice como descripción de método; no «destaca que es indispensable». «Compromete la validez» viene de la Discusión y se refiere a otro mecanismo: datos de preentrenamiento tomados de la web que incluyen imágenes de ISIC y DermNet (""increasing the risk of data leakage and compromising evaluation validity""). En el texto completo «leak» aparece 3 veces y «clean» 2, todas vistas; ninguna da una cifra de sobreestimación."
742,3,"Rotemberg, V., Kurtansky, N., Betz‐Stablein, B., Caffery, L., Chousakos, E., Codella, N., Combalia, M., Dusza, S., Guitera, P., Gutman, D., Halpern, A., Helba, B., Kittler, H., Kose, K., Langer, S., Lioprys, K., Malvehy, J., Musthaq, S., Nanda, J., . . . Soyer, H. (2020). A patient-centric dataset of images and metadata for identifying melanomas using clinical context. Scientific Data, 8. https://doi.org/10.1038/s41597-021-00815-z",10.1038/s41597-020-0565-1,"Los datasets previos no incorporaban información a nivel de paciente; este dataset se construyó precisamente para permitir mapear lesiones del mismo paciente y corregir la discrepancia entre evaluación por imagen aislada y práctica clínica real (Rotemberg et al., 2020).",utilizable,"Resumen: ""Prior skin image datasets have not addressed patient-level information obtained from multiple skin lesions from the same patient"" … ""constructed to address this discrepancy between prior challenges and clinical practice, providing for each image in the dataset an identifier allowing lesions from the same patient to be mapped to one another""",no,sí,"El DOI de la columna (10.1038/s41597-020-0565-1) da 404 en doi.org y en Crossref. El trabajo existe con 10.1038/s41597-021-00815-z, el que trae el propio texto de la referencia (Scientific Data 8, art. 34, publicado en 2021, no en 2020; CC BY). Es el descriptor del dataset SIIM-ISIC 2020; el resumen no da cifras de sobreestimación ni compara particiones: no pertinente a la consulta."
673,1,"Título: ""Overfitting in Machine Learning: A Review"" DOI: 10.1007/978-3-319-99900-6_1 Fuente: Proceedings of the 2018 ACM Conference on Fairness, Accountability, and Transparency Autor: J. R. Quinlan",10.1007/978-3-319-99900-6_1,Artículo sobre sobreestimación de modelos de aprendizaje automático,no existe,,,,"DOI 10.1007/978-3-319-99900-6_1: 404 en doi.org y en Crossref. Crossref, título + autor «Quinlan»: ninguna coincidencia. Google Scholar, título exacto entre comillas, con y sin «Quinlan»: sin resultados. Metadatos incoherentes: prefijo DOI de Springer (10.1007) para unas actas de ACM."
258,4,"Esteva, A., Kuprel, B., Novoa, R., Ko, J., Swetter, S., Blau, H., & Thrun, S. (2017). Dermatologist–level classification of skin cancer with deep neural networks. Nature, 542, 115 - 118. https://doi.org/10.1038/nature21056",10.1038/nature21056,"El estudio tomó “extensive care” para que imágenes del mismo paciente o de la misma lesión no quedaran repartidas entre train y validación, y garantizó sin solapamiento entre test y entrenamiento, mostrando que este riesgo ya se reconocía como amenaza seria a la validez (Esteva et al., 2017).",no dice eso,,no,no,"Caso límite. Manuscrito aceptado en PMC (PMC8382232). Métodos, «Data preparation»: ""extensive care was taken to ensure that these sets were not split between the training and validation sets"", y esos conjuntos son ""images corresponding to the same lesion but from multiple viewpoints, or multiple images of similar lesions on the same person"", agrupadas por similitud (grafo con EXIF, datos del repositorio y vecinos por rasgos CNN). La afirmación lo extiende a «imágenes del mismo paciente», que es otro esquema de partición. Lo del test sí está: ""No overlap (that is, same lesion, multiple viewpoints) exists between the test sets and the training/validation data"". «Amenaza seria a la validez» es inferencia de la respuesta."
283,2,"Título: ""K-Fold Cross-Validation"" DOI: 10.1002/0471455249.ch1 Fuente: Encyclopedia of Machine Learning Autor: P. G. H. van der Heijden",10.1002/0471455249.ch1,Estudio sobre validación cruzada,no existe,,,,"DOI 10.1002/0471455249.ch1: 404 en doi.org y en Crossref. Crossref, título + autor «van der Heijden»: ninguna coincidencia. Google Scholar, allintitle:""K-Fold Cross-Validation"" author:""van der Heijden"": sin resultados."
254,3,"Título: ""Bootstrapping and the Jackknife for Model Selection"" DOI: 10.1214/009053604000000387 Fuente: The Annals of Statistics Autor: B. Efron",10.1214/009053604000000387,Artículo sobre ensanchamiento de muestreo,no existe,,,,"DOI 10.1214/009053604000000387: 404 en doi.org y en Crossref. Crossref, título + autor «Efron»: ninguna coincidencia; el título más parecido es «The Bootstrap, the Jackknife and Model Selection» (Folmer, 1986), de otro autor. Google Scholar, título exacto: sin resultados; allintitle: bootstrapping jackknife ""model selection"" author:Efron: sin resultados."
485,1,Saeb et al. (2017),10.1093/gigascience/gix019,"Demuestra que la validación cruzada dividida por registro o imagen (record-wise CV) sobreestima masivamente la precisión diagnóstica debido a que el algoritmo de aprendizaje automático aprende atajos asociados a las características únicas de la identidad del sujeto. En su revisión sistemática de estudios clínicos, la tasa mediana de error fue del 5.60% con partición por registro/imagen frente al 13.00% con partición por paciente (más del doble de error real cuando se evalúa correctamente).",no dice eso,,no,no,"Caso límite. Texto completo en PMC (PMC5441397, CC BY). Las cifras y el mecanismo son literales. Resumen: ""record-wise CV often massively overestimates the prediction accuracy"". «Systematic review»: ""the median classification error (1 - accuracy) was 13.00%, more than twice that of record-wise CV papers, which was 5.60%"". Mecanismo: ""if the algorithm can (implicitly) detect the identity of the person based on the features, it can automatically also “diagnose” the disease"". Pero la revisión solo incluye estudios con acelerómetros, wearables o smartphones: la extensión a «imagen», en las dos frases, no está en la fuente (otro tipo de dato). Sin «o imagen» sería utilizable."
506,2,"Cassidy, B., Kendrick, C., Brodzicki, A., Jaworek-Korjakowska, J., & Yap, M. H. (2021). Analysis of the ISIC image datasets: Usage, benchmarks and recommendations. Medical image analysis, 75, 102305. https://doi.org/10.1016/j.media.2021.102305",10.1016/j.media.2021.102305,"ISIC contiene muchos duplicados, incluidos duplicados entre entrenamiento y prueba; por eso proponen una estrategia explícita de eliminación de duplicados y un dataset curado para benchmarking (Cassidy et al., 2021).",utilizable,"Resumen, p. 1: ""Our analysis found a significant number of duplicate images, both within and between the datasets. Additionally, we also noted duplicates spread across testing and training sets. Due to these irregularities, we propose a duplicate removal strategy and recommend a curated dataset for researchers to use when working on ISIC datasets.""",no,no,"Versión publicada (CC BY-NC-ND), leída desde el repositorio de Manchester Metropolitan University; ScienceDirect no respondió. Mecanismo: duplicados de imagen, no agrupación por paciente, y no cuantifica cuánto se sobreestima (ver la otra referencia a este mismo DOI): no pertinente a la consulta. Publicado en 2022 (vol. 75), en línea en noviembre de 2021."
670,3,Cassidy et al. (2022),10.1016/j.media.2021.102305,"Examina los conjuntos de datos dermatológicos de la International Skin Imaging Collaboration (ISIC) y muestra que la presencia de imágenes duplicadas o múltiples tomas de las mismas lesiones/pacientes repartidas entre los subconjuntos de entrenamiento y prueba introduce un sesgo cuantitativo severo. Al aplicar una estrategia de eliminación de duplicados (removiendo 14,310 imágenes sobrelapadas) y evaluar en conjuntos de prueba limpios y estrictamente segregados, el desempeño en clasificación se reduce drásticamente, obteniendo valores de AUC de apenas 0.50 a 0.56 en el conjunto de prueba ISIC 2017 en modelos base sin transfer learning.",no dice eso,,no,no,"Versión publicada (CC BY-NC-ND), repositorio de Manchester Metropolitan University. Solo coincide lo accesorio: 14,310 duplicados eliminados de los conjuntos de entrenamiento (resumen y Tabla 8, p. 6) y ""Transfer learning was not used for any of the experiments"" (p. 8). Del sesgo, la fuente dice que los estudios sin eliminar duplicados ""may exhibit bias"" (p. 2), sin cuantificarlo. Se buscó en el texto completo with/without duplicates, before … removal, inflat, overestimat y optimistic, sin resultados; las Tablas 10 y 11 solo dan resultados con el conjunto ya curado. En ISIC 2017 el AUC va de 0,46 (DenseNet169) a 0,56 (DenseNet201) (Tabla 11, p. 10), no de 0,50 a 0,56, y la fuente no atribuye esos valores a quitar duplicados. El resumen lo presenta como ""good levels of melanoma prediction with an AUC of 0.80"" (ISIC 2020)."
167,4,"Título: ""Model Evaluation and Selection"" DOI: 10.1002/0471455249.ch2 Fuente: Encyclopedia of Machine Learning Autor: P. G. H. van der Heijden",10.1002/0471455249.ch2,Estudio sobre evaluación del desempeño de modelos,no existe,,,,"DOI 10.1002/0471455249.ch2: 404 en doi.org y en Crossref. Crossref, título + autor «van der Heijden»: ninguna coincidencia. Google Scholar, ""Model Evaluation and Selection"" author:""van der Heijden"": sin resultados."
126,1,"Jamaludin, M., & Kim, C. (2026). Evaluation Integrity in Hybrid Quantum-Classical Skin Lesion Classification: A Data-Leakage Audit and Lesion-Level Correction on HAM10000. IEEE Access, 14, 101415-101428. https://doi.org/10.1109/access.2026.3707673",10.1109/access.2026.3707673,"Midiendo dos particiones en el mismo modelo sobre HAM10000, la accuracy cayó de 94.57% con split con fuga a 78.41% con split verificado por lesión; esa es la cuantificación más directa aquí de cuánto se sobreestima el desempeño (Jamaludin & Kim, 2026).",utilizable,"Resumen: ""This setup reaches 78.41% ± 0.74 test accuracy"" … ""However, under the leakage-prone protocol, this exact same pipeline yields 94.57%.""",no,no,"Texto completo en IEEE Xplore (CC BY). La fuga que mide es entre variantes aumentadas de una misma lesión, con partición por identidad de lesión, no por paciente: pertinencia parcial. Salvedad importante, en «Result and Discussion»: los autores dicen que el 94.57% ""reflected a single fortunate seed""; con cinco semillas el protocolo con fuga da entre 87% y 89% y sin fuga entre 76% y 78%, y atribuyen ""approximately 11% of data leakage"" y 5% a 7% a la varianza de semilla (Tabla 4). Para cuantificar la sobreestimación se cita ese 11%, no la diferencia 94.57 − 78.41."
863,5,Little et al. (2017),10.1093/gigascience/gix020,Analiza las propiedades probabilísticas de las estrategias de validación cruzada y confirma que dividir los datos aleatoriamente por registro en lugar de por sujeto viola la suposición de muestras idénticamente distribuidas cuando los datos están agrupados por paciente. Esto genera estimadores sesgados que subestiman significativamente el error de predicción real que tendría el modelo al enfrentarse a nuevos pacientes en la práctica clínica.,no dice eso,,no,no,"Texto completo en PMC (PMC5441396, CC BY). Revisión en tres perspectivas: Little, Varoquaux y Saeb et al. La de Little, el primer autor, sostiene lo contrario de lo atribuido. Record-wise es la que asume i.i.d. (""This (i.i.d. situation) describes exactly what record-wise CV assumes""), y es la partición por sujeto la que ""leads inevitably to violating the identically distributed assumption""; además: ""Subject-wise CV is not always a valid substitute for record-wise CV in diagnostic applications"". Que record-wise subestima el error es la tesis de Saeb et al.: Little la resume y la discute, y Saeb et al. la defienden en su réplica. El trabajo no la «confirma»."
973,5,"Título: ""Machine Learning for Skin Disease Diagnosis"" DOI: 10.1007/978-3-030-28993-1_1 Fuente: Proceedings of the 2020 ACM International Conference on Bioinformatics, Computational Biology, and Biomedical Informatics Autor: H. A. H. Al-Mubaid",10.1007/978-3-030-28993-1_1,Artículo sobre clasificadores de lesiones de piel,no existe,,,,"DOI 10.1007/978-3-030-28993-1_1: 404 en doi.org y en Crossref. Crossref, título + autor «Al-Mubaid»: ninguna coincidencia. Google Scholar, título exacto + author:Al-Mubaid: sin resultados. Metadatos incoherentes: prefijo DOI de Springer (10.1007) para unas actas de ACM."
