id,tratamiento,orden,referencia,doi,afirmacion,duda
370,A,1,"Título: ""Overfitting in Machine Learning: A Review""
  - DOI: 10.1007/978-3-319-99900-6_1
  - Fuente: Proceedings of the 2018 ACM Conference on Fairness, Accountability, and Transparency
  - Autor: J. R. Quinlan",10.1007/978-3-319-99900-6_1,,afirmación: la respuesta no le atribuye una afirmación propia
976,A,2,"Título: ""K-Fold Cross-Validation""
  - DOI: 10.1002/0471455249.ch1
  - Fuente: Encyclopedia of Machine Learning
  - Autor: P. G. H. van der Heijden",10.1002/0471455249.ch1,,afirmación: la respuesta no le atribuye una afirmación propia
417,A,3,"Título: ""Bootstrapping and the Jackknife for Model Selection""
  - DOI: 10.1214/009053604000000387
  - Fuente: The Annals of Statistics
  - Autor: B. Efron",10.1214/009053604000000387,,afirmación: la respuesta no le atribuye una afirmación propia
536,A,4,"Título: ""Model Evaluation and Selection""
  - DOI: 10.1002/0471455249.ch2
  - Fuente: Encyclopedia of Machine Learning
  - Autor: P. G. H. van der Heijden",10.1002/0471455249.ch2,,afirmación: la respuesta no le atribuye una afirmación propia
864,A,5,"Título: ""Machine Learning for Skin Disease Diagnosis""
  - DOI: 10.1007/978-3-030-28993-1_1
  - Fuente: Proceedings of the 2020 ACM International Conference on Bioinformatics, Computational Biology, and Biomedical Informatics
  - Autor: H. A. H. Al-Mubaid",10.1007/978-3-030-28993-1_1,,afirmación: la respuesta no le atribuye una afirmación propia
923,B,1,"Jamaludin, M., & Kim, C. (2026). Evaluation Integrity in Hybrid Quantum-Classical Skin Lesion Classification: A Data-Leakage Audit and Lesion-Level Correction on HAM10000. *IEEE Access, 14*, 101415-101428. https://doi.org/10.1109/access.2026.3707673",,,afirmación: cinco candidatas; doi: dos valores distintos
500,B,2,"Cassidy, B., Kendrick, C., Brodzicki, A., Jaworek-Korjakowska, J., & Yap, M. H. (2021). Analysis of the ISIC image datasets: Usage, benchmarks and recommendations. *Medical image analysis, 75*, 102305. https://doi.org/10.1016/j.media.2021.102305",**10.1016/j.media.2021.102305**,,afirmación: dos candidatas
236,B,3,"Rotemberg, V., Kurtansky, N., Betz‐Stablein, B., Caffery, L., Chousakos, E., Codella, N., Combalia, M., Dusza, S., Guitera, P., Gutman, D., Halpern, A., Helba, B., Kittler, H., Kose, K., Langer, S., Lioprys, K., Malvehy, J., Musthaq, S., Nanda, J., . . . Soyer, H. (2020). A patient-centric dataset of images and metadata for identifying melanomas using clinical context. *Scientific Data, 8*. https://doi.org/10.1038/s41597-021-00815-z",,,afirmación: dos candidatas; doi: dos valores distintos
888,B,4,"Esteva, A., Kuprel, B., Novoa, R., Ko, J., Swetter, S., Blau, H., & Thrun, S. (2017). Dermatologist–level classification of skin cancer with deep neural networks. *Nature, 542*, 115 - 118. https://doi.org/10.1038/nature21056",**10.1038/nature21056**,"El estudio tomó **“extensive care”** para que imágenes del mismo paciente o de la misma lesión no quedaran repartidas entre train y validación, y garantizó **sin solapamiento** entre test y entrenamiento, mostrando que este riesgo ya se reconocía como amenaza seria a la validez  (Esteva et al., 2017).",
488,B,5,"Haggenmüller, S., Maron, R. C., Hekler, A., Utikal, J., Barata, C., Barnhill, R., Beltraminelli, H., Berking, C., Betz‐Stablein, B., Blum, A., Braun, S., Carr, R. D., Combalia, M., Fernández-Figueras, M., Ferrara, G., Fraitag, S., French, L., Gellrich, F., Ghoreschi, K., . . . Brinker, T. (2021). Skin cancer classification via convolutional neural networks: systematic review of studies involving human experts.. *European journal of cancer, 156*, 202-216. https://doi.org/10.1016/j.ejca.2021.06.049",https://doi.org/10.1016/j.ejca.2021.06.049,"La revisión metodológica del campo concluye que casi todos los estudios usan escenarios **artificiales de imagen única**, lejos del contexto clínico real del paciente completo  (Haggenmüller et al., 2021).","existencia: si la figura del párrafo anterior cuenta como referencia, esta sería la 6.ª"
928,C,1,Saeb et al. (2017),`10.1093/gigascience/gix019`,"Demuestra que la validación cruzada dividida por registro o imagen (record-wise CV) sobreestima masivamente la precisión diagnóstica debido a que el algoritmo de aprendizaje automático aprende atajos asociados a las características únicas de la identidad del sujeto. En su revisión sistemática de estudios clínicos, la tasa mediana de error fue del 5.60% con partición por registro/imagen frente al 13.00% con partición por paciente (más del doble de error real cuando se evalúa correctamente).",
668,C,2,Kapoor y Narayanan (2023),`10.1016/j.patter.2023.100804`,"Clasifica la falta de independencia entre las muestras de entrenamiento y prueba (como situar observaciones o imágenes procedentes de un mismo paciente en ambos conjuntos, tipo de fuga L3.2) como una de las causas principales de filtración de datos (data leakage). Esta práctica crea relaciones espurias que no existen en la población real, produciendo estimaciones de desempeño artificialmente altas e irreproducibles en la literatura científica.",
710,C,3,Cassidy et al. (2022),`10.1016/j.media.2021.102305`,"Examina los conjuntos de datos dermatológicos de la International Skin Imaging Collaboration (ISIC) y muestra que la presencia de imágenes duplicadas o múltiples tomas de las mismas lesiones/pacientes repartidas entre los subconjuntos de entrenamiento y prueba introduce un sesgo cuantitativo severo. Al aplicar una estrategia de eliminación de duplicados (removiendo 14,310 imágenes sobrelapadas) y evaluar en conjuntos de prueba limpios y estrictamente segregados, el desempeño en clasificación se reduce drásticamente, obteniendo valores de AUC de apenas 0.50 a 0.56 en el conjunto de prueba ISIC 2017 en modelos base sin transfer learning.",
138,C,4,Yan et al. (2025),`10.1038/s41591-025-03747-y`,"Señala que dividir imágenes o lesiones de un mismo paciente a través de las particiones de entrenamiento, validación y prueba genera fuga de datos (data leakage) y compromete la validez de la evaluación del modelo. Destaca que para obtener evaluaciones realistas en dermatología es indispensable utilizar versiones ""limpias"" de los benchmarks (como las versiones corregidas de HAM10000 y BCN20000), donde todas las lesiones pertenecientes a un mismo paciente quedan restringidas a una sola partición.",
398,C,5,Little et al. (2017),`10.1093/gigascience/gix020`,Analiza las propiedades probabilísticas de las estrategias de validación cruzada y confirma que dividir los datos aleatoriamente por registro en lugar de por sujeto viola la suposición de muestras idénticamente distribuidas cuando los datos están agrupados por paciente. Esto genera estimadores sesgados que subestiman significativamente el error de predicción real que tendría el modelo al enfrentarse a nuevos pacientes en la práctica clínica.,"existencia: si los conjuntos de datos nombrados en los ítems 3 y 4 cuentan como referencias, esta sería la 6.ª o posterior"
