sección,afirmación,fuente,ubicación,acceso,verificado_por,fecha
1.1,"La Cuenta de Alto Costo (CAC) reportó 9.272 casos de melanoma en Colombia para su periodo 2025, con corte al 2 de febrero de 2026; la cifra es preliminar, previa a auditoría (Contreras, 2026).","Contreras, 2026","PARCIAL — referencias/cac-melanoma-colombia-2026.md (ficha): «a. Dato preliminar previo a auditoría, con corte al 2 de febrero de 2026.». No lo sostiene: la cifra de 9.272 casos, que la ficha registra solo como dato",texto completo,,
1.1,"El mismo boletín informa que los casos prevalentes aumentaron un 12,65 % frente al periodo anterior y que la mortalidad por todas las causas en las personas con melanoma creció un 10,53 % frente a 2024.","Contreras, 2026","no localizada — la ficha registra la cifra como dato en su tabla, sin cita literal; el texto completo está solo en local",texto completo,,
1.1,"Según el boletín del año anterior, la supervivencia global a cinco años del melanoma cutáneo es del 60,9 %, pero en los estadios avanzados, y en particular en el estadio IV, menos del 50 % de los pacientes sobrevive a los dos años de confirmado el diagnóstico (Cuenta de Alto Costo [CAC], 2025).","CAC, 2025","no localizada — la ficha registra la cifra como dato en su tabla, sin cita literal; el texto completo está solo en local",texto completo,,
1.1,"Ese boletín reporta además que el 67,4 % de los casos de su periodo 2024 —que la CAC define como del 2 de enero de 2023 al 1 de enero de 2024— se diagnosticó en estadios tempranos, I y II.","CAC, 2025","PARCIAL — referencias/cac-melanoma-colombia-2025.md (ficha): «el periodo 2024, comprendido entre el 2 de enero de 2023 al 1º de enero de 2024». No lo sostiene: el 67,4 % en estadios tempranos, que la ficha registra solo como dato",texto completo,,
1.1,"Uno dice que «se han atendido» 11.064 casos hasta el 31 de diciembre de 2024 y el otro habla de 9.272 casos «reportados» en el periodo 2025, sin que ninguno defina qué cuenta.","CAC, 2025","no localizada — la ficha registra la cifra como dato en su tabla, sin cita literal; el texto completo está solo en local; además incluye una afirmación de ausencia (que no define qué cuenta)",texto completo,,
1.1,"Uno dice que «se han atendido» 11.064 casos hasta el 31 de diciembre de 2024 y el otro habla de 9.272 casos «reportados» en el periodo 2025, sin que ninguno defina qué cuenta.","Contreras, 2026","no localizada — la ficha registra la cifra como dato en su tabla, sin cita literal; el texto completo está solo en local; además incluye una afirmación de ausencia (que no define qué cuenta)",texto completo,,
1.1,"El «más del 50 %» en estadios tempranos del boletín de 2026 remite a una meta, no es una estimación puntual, así que no puede compararse con el 67,4 % del anterior (CAC, 2025; Contreras, 2026).","Contreras, 2026","PARCIAL — referencias/cac-melanoma-colombia-2026.md (ficha): «b. Meta definida de acuerdo con el Consenso basado en la evidencia para la de medición de indicadores de gestión del riesgo en pacientes con melanoma cutáneo en Colombia.». No lo sostiene: que la nota b sea la del «más del 50 %»: la ficha lo dice en prosa propia, no en cita",texto completo,,
1.1,"El «más del 50 %» en estadios tempranos del boletín de 2026 remite a una meta, no es una estimación puntual, así que no puede compararse con el 67,4 % del anterior (CAC, 2025; Contreras, 2026).","CAC, 2025","no localizada — la ficha registra la cifra como dato en su tabla, sin cita literal; el texto completo está solo en local (el 67,4 %)",texto completo,,
1.1,Los boletines señalan dos desafíos.,"CAC, 2025",no localizada — la ficha no recoge ese pasaje; el texto completo está solo en local,texto completo,,
1.1,Los boletines señalan dos desafíos.,"Contreras, 2026","no localizada — la ficha registra la cifra como dato en su tabla, sin cita literal; el texto completo está solo en local",texto completo,,
1.1,"El de 2025 dice que la detección temprana sigue siendo un desafío en algunas regiones del país (CAC, 2025).","CAC, 2025",no localizada — la ficha no recoge ese pasaje; el texto completo está solo en local,texto completo,,
1.1,"El de 2026 señala la oportunidad del tratamiento: el tiempo promedio al diagnóstico se ha mantenido cercano a 15 días, sin que se precise desde qué momento se cuenta, mientras el inicio del tratamiento supera en promedio los 30 días (Contreras, 2026).","Contreras, 2026","no localizada — la ficha registra la cifra como dato en su tabla, sin cita literal; el texto completo está solo en local",texto completo,,
1.1,Ninguno de los dos informa cuántas lesiones se examinan para encontrar cada melanoma.,"CAC, 2025",no localizada — afirmación de ausencia: no se sostiene con una cita; se comprueba leyendo la fuente completa,texto completo,,
1.1,Ninguno de los dos informa cuántas lesiones se examinan para encontrar cada melanoma.,"Contreras, 2026",no localizada — afirmación de ausencia: no se sostiene con una cita; se comprueba leyendo la fuente completa,texto completo,,
1.2,"Captura toda la superficie cutánea visible en una sola toma, y el programa del fabricante identifica cada lesión por separado (Kurtansky, D’Alessandro, et al., 2024).","Kurtansky, D’Alessandro, et al., 2024",referencias/kurtansky-2024-slice3d-descriptor.md: «The physical device captures the entire exposed body efficiently in a single capture» … referencias/kurtansky-2024-slice3d-descriptor.md: «The Lesion Visualizer52 (LV) research tool for DermaGraphix uses AI algorithms to automatically locate lesions throughout the 3D TBP capture»,texto completo,,
1.2,"La dermatoscopia, en cambio, se usa normalmente para documentar las lesiones más atípicas, las que se biopsian o se vigilan (Kurtansky, D’Alessandro, et al., 2024).","Kurtansky, D’Alessandro, et al., 2024","referencias/kurtansky-2024-slice3d-descriptor.md: «Conversely, dermatologists normally use digital dermoscopy to document the more atypical lesions such as those that undergo biopsy or short-term monitoring.»",texto completo,,
1.2,"La práctica humana actual en esta modalidad tiene al menos una medición publicada, en la validación de PanDerm, un modelo fundacional dermatológico (Yan et al., 2025).","Yan et al., 2025","referencias/panderm-reduccion-examenes.md: «In this study, we introduce PanDerm, a versatile dermatology foundation model» … referencias/panderm-reduccion-examenes.md: «reducing unnecessary examinations by 60.8% compared with melanographers (3,498 versus 8,913 lesions recommended for detailed examination)»",texto completo,,
1.2,"Los autores informan que los *melanographers* —el término del artículo, que no lo define— recomendaron 8.913 lesiones para examen detallado, frente a 3.498 del modelo.","Yan et al., 2025","PARCIAL — referencias/panderm-reduccion-examenes.md: «reducing unnecessary examinations by 60.8% compared with melanographers (3,498 versus 8,913 lesions recommended for detailed examination)». No lo sostiene: que el artículo no defina el término, que es una afirmación de ausencia",texto completo,,
1.2,"Según los métodos, el conjunto de prueba de ese cribado reunió 80 pacientes de dos cohortes australianas, con 30.698 imágenes que incluyen 28 lesiones malignas (Yan et al., 2025).","Yan et al., 2025","referencias/panderm-reduccion-examenes.md: «This dataset comprises 2,038 TBP scans from 480 patients, collected from the MYM and HOP studies.» … referencias/panderm-reduccion-examenes.md: «In a cohort of 480 patients with 196,933 lesions from Australia» … referencias/panderm-reduccion-examenes.md: «80 patients for testing (30,698 images, including 28 malignant lesions)»",texto completo,,
1.2,Ninguna frase del artículo dice que las 8.913 recomendaciones se hicieron sobre esas 30.698 imágenes.,"Yan et al., 2025",no localizada — afirmación de ausencia: no se sostiene con una cita; se comprueba leyendo la fuente completa,texto completo,,
1.2,"Lo sugiere la leyenda de su figura 4, que presenta la selección humana sobre las lesiones de prueba.","Yan et al., 2025","referencias/panderm-reduccion-examenes.md: «i, UMAP plot of human screening results for test lesions.»",texto completo,,
1.2,"El conjunto se filtró antes con parámetros del propio sistema de captura, entre ellos una confianza de nevus superior a 80, y se cuenta en imágenes, no en lesiones.","Yan et al., 2025","referencias/panderm-reduccion-examenes.md: «we applied filtering parameters based on built-in Vectra data settings: majorAxisMM ≥ 2, deltaLBnorm ≥ 4.5, out_of_bounds_fraction ≤ 0.25, dnn_lesion_confidence ≥ 50 and nevi_confidence > 80.» … referencias/panderm-reduccion-examenes.md: «This process resulted in 196,933 lesion image tiles.»",texto completo,,
1.2,"Procede de 2.038 capturas de 480 pacientes, así que una misma lesión puede estar en más de una imagen (Yan et al., 2025).","Yan et al., 2025","PARCIAL — referencias/panderm-reduccion-examenes.md: «This dataset comprises 2,038 TBP scans from 480 patients». No lo sostiene: que una misma lesión pueda estar en más de una imagen, que es inferencia",texto completo,,
1.2,El 8.913 es el lado humano de una comparación que publican los autores del modelo.,"Yan et al., 2025","referencias/panderm-reduccion-examenes.md: «reducing unnecessary examinations by 60.8% compared with melanographers (3,498 versus 8,913 lesions recommended for detailed examination)»",texto completo,,
1.2,"El 3.498 es desempeño del propio PanDerm, y aquí se cita solo como contexto.","Yan et al., 2025","referencias/panderm-reduccion-examenes.md: «reducing unnecessary examinations by 60.8% compared with melanographers (3,498 versus 8,913 lesions recommended for detailed examination)»",texto completo,,
1.2,"La frase de los resultados que da el 8.913 atribuye además al modelo la detección de lesiones malignas «in 79 out of 80 patients», sin definir cómo mide ese resultado por paciente.","Yan et al., 2025","PARCIAL — referencias/panderm-reduccion-examenes.md: «Significantly, it detected malignant lesions in 79 out of 80 patients». No lo sostiene: que no defina cómo mide el resultado por paciente, que es una afirmación de ausencia",texto completo,,
1.2,Ninguna de las dos condiciones está escrita en el artículo.,"Yan et al., 2025",no localizada — afirmación de ausencia: no se sostiene con una cita; se comprueba leyendo la fuente completa,texto completo,,
1.2,"Una coincidencia hace esta línea base más pertinente de lo que parece: las dos cohortes australianas de esa evaluación tienen los mismos números de aprobación ética que los dos estudios con que la Universidad de Queensland contribuyó a SLICE-3D (Kurtansky, D’Alessandro, et al., 2024; Yan et al., 2025).","Kurtansky, D’Alessandro, et al., 2024","referencias/kurtansky-2024-slice3d-descriptor.md: «The two studies, ‘Mind Your Moles’ Study58 and Health Outcomes Programs Study45, were approved by Metro South Health HREC (HREC/16/QPAH/125 and HREC/17/QPAH/816) and University of Queensland HREC (2016000554 and 2018000074), respectively.»",texto completo,,
1.2,"Una coincidencia hace esta línea base más pertinente de lo que parece: las dos cohortes australianas de esa evaluación tienen los mismos números de aprobación ética que los dos estudios con que la Universidad de Queensland contribuyó a SLICE-3D (Kurtansky, D’Alessandro, et al., 2024; Yan et al., 2025).","Yan et al., 2025",referencias/panderm-reduccion-examenes.md: «The MYM study was approved by the Metro South Health Human Research Ethics Committee on 21 April 2016 (approval number: HREC/16/QPAH/125). Ethics approval has also been obtained from the University of Queensland Human Research Ethics Committee (approval number: 2016000554)» … referencias/panderm-reduccion-examenes.md: «The HOP study has received approval from the Human Research Ethics Committee (HREC) from Metro South Health HREC (HREC/17/QPAH/816) and the University of Queensland HREC (2018000074).»,texto completo,,
1.3,"La métrica principal es el área parcial bajo la curva ROC por encima del 80 % de sensibilidad, justificada porque existen regiones del espacio ROC donde la sensibilidad es inaceptable en la práctica clínica.","Kurtansky, Rotemberg, et al., 2024","referencias/kaggle-evaluation.md (ficha): «Submissions are evaluated on partial area under the ROC curve (pAUC) above 80% true positive rate (TPR) for binary classification of malignant examples.» … referencias/kaggle-evaluation.md (ficha): «However, there are regions in the ROC space where the values of TPR are unacceptable in clinical practice.»",texto completo,,
1.3,"Además hubo dos premios secundarios de 7.500 dólares cada uno, uno a la *Top-15 Retrieval Sensitivity* y otro a la *Model Efficiency* (Kurtansky, Rotemberg, et al., 2024).","Kurtansky, Rotemberg, et al., 2024","referencias/kaggle-rules.md (ficha): «Two Secondary Prizes: $7,500 each for ""Top-15 Retrieval Sensitivity"" and ""Model Efficiency"".»",texto completo,,
1.3,"La primera mide la sensibilidad sobre las quince lesiones de mayor riesgo de cada paciente (Kurtansky et al., 2025).","Kurtansky et al., 2025",referencias/kurtansky-2025-triaje-automatizado-tbp.md: «SEtop-15 measured sensitivity under the hypothetical task of identifying 15 lesions with the highest risk scores on each patient.»,texto completo,,
1.3,Las malignas están confirmadas por patología.,"Kurtansky, D’Alessandro, et al., 2024",referencias/kurtansky-2024-slice3d-descriptor.md: «The entire malignant diagnostic class consists of strong-labels because their ground truth was confirmed through retrospective review of pathology reports»,texto completo,,
1.3,"La mayoría de las benignas, en cambio, nunca se biopsió: son lesiones que un dermatólogo vio durante un examen de piel completo y no consideró preocupantes (Kurtansky, D’Alessandro, et al., 2024).","Kurtansky, D’Alessandro, et al., 2024","referencias/kurtansky-2024-slice3d-descriptor.md: «while some were attributable to a pathology report dated within 3 months of 3D TBP capture, most never underwent a skin biopsy.» … referencias/kurtansky-2024-slice3d-descriptor.md: «The weak-label tiles in this dataset depict lesions that were viewed by a dermatologist during a full body skin exam and were not determined to be concerning.»",texto completo,,
1.4,"Cada una de esas decisiones puede cambiar qué modelo parece mejor, y el cliente ya dejó escrito, en su métrica y en sus premios, contra qué quiere que se juzgue.","Kurtansky, Rotemberg, et al., 2024","referencias/kaggle-evaluation.md (ficha): «Submissions are evaluated on partial area under the ROC curve (pAUC) above 80% true positive rate (TPR) for binary classification of malignant examples.» … referencias/kaggle-evaluation.md (ficha): «However, there are regions in the ROC space where the values of TPR are unacceptable in clinical practice.» … referencias/kaggle-rules.md (ficha): «Two Secondary Prizes: $7,500 each for ""Top-15 Retrieval Sensitivity"" and ""Model Efficiency"".»",texto completo,,
1.4,"Ninguno de los siete centros que aportan SLICE-3D está en América Latina: son centros de Estados Unidos, España, Australia, Austria, Grecia y Suiza (Kurtansky, D’Alessandro, et al., 2024).","Kurtansky, D’Alessandro, et al., 2024","referencias/kurtansky-2024-slice3d-descriptor.md: «(1) Memorial Sloan Kettering Cancer Center, New York, USA; (2) Hospital Clínic de Barcelona, Barcelona, Spain; (3) the University of Queensland, Brisbane, Australia; (4) Medical University of Vienna, Vienna, Austria; (5) University of Athens, Athens, Greece; (6) Melanoma Institute Australia, Sydney, Australia; and (7) the University Hospital of Basel, Basel, Switzerland.»",texto completo,,
2.1,"La mayoría de los conjuntos públicos de imágenes de lesiones cutáneas son dermatoscópicos y arrastran un sesgo de selección: el dermatólogo documenta con dermatoscopia las lesiones más atípicas, las que se biopsian o se vigilan, de modo que los ejemplos benignos ordinarios quedan subrepresentados (Kurtansky, D’Alessandro, et al., 2024).","Kurtansky, D’Alessandro, et al., 2024","referencias/kurtansky-2024-slice3d-descriptor.md: «Most public skin cancer image datasets are comprised of dermoscopic photos and are limited by selection bias» … referencias/kurtansky-2024-slice3d-descriptor.md: «Utilizing 3D TBP helps circumvent the lesion-selection bias inherent to routinely collected dermoscopy image datasets47, where the ordinary benign examples tend to be underrepresented.»",texto completo,,
2.1,El conjunto SLICE-3D se construyó para evitarlo.,"Kurtansky, D’Alessandro, et al., 2024",referencias/kurtansky-2024-slice3d-descriptor.md: «dataset described here addresses those concerns»,texto completo,,
2.1,"Reúne más de 400.000 lesiones de siete centros dermatológicos en tres continentes, extraídas de fotografías corporales totales en 3D de más de mil pacientes atendidos entre 2015 y 2024, con una resolución óptica que los autores describen como comparable a la de una fotografía de teléfono (Kurtansky, D’Alessandro, et al., 2024).","Kurtansky, D’Alessandro, et al., 2024","referencias/kurtansky-2024-slice3d-descriptor.md: «contains images of over 400,000 distinct skin lesions from seven dermatologic centers from around the world.» … referencias/kurtansky-2024-slice3d-descriptor.md: «The SLICE-3D dataset represents every lesion from a sample of 1,000+ patients seen between 2015 and 2024 across seven high-risk dermatologic practices and three continents.» … referencias/kurtansky-2024-slice3d-descriptor.md: «are comparable in optical resolution to smartphone images.»",texto completo,,
2.1,"Por un lado, los autores señalan que, frente al desarrollo de algoritmos que asisten el diagnóstico en la consulta especializada, determinar quién debe ver a un clínico en primer lugar tiene un gran impacto potencial; por otro, reducir las derivaciones innecesarias disminuye las demoras de los pacientes que sí las necesitan y alivia la carga del sistema de salud (Kurtansky, D’Alessandro, et al., 2024).","Kurtansky, D’Alessandro, et al., 2024","referencias/kurtansky-2024-slice3d-descriptor.md: «Over the past several years, researchers have explored how clinicians may benefit from utilizing dermoscopy-based AI algorithms19–22.» … referencias/kurtansky-2024-slice3d-descriptor.md: «However, determining which individuals should see a clinician in the first place has great potential impact23.» … referencias/kurtansky-2024-slice3d-descriptor.md: «Similarly, decreasing unnecessary referrals can decrease delays in treating patients in true need of care and reduce burden on health systems28,29.»",texto completo,,
2.1,"En este dominio concreto, los organizadores señalan que existe **un único estudio previo publicado** (Kurtansky et al., 2025): Marchetti et al. (2023) ajustaron un modelo de regresión multivariado sobre medidas morfológicas que el propio sistema de captura extrae de cada lesión —tamaño, variación de color, irregularidad del borde—, sin usar las imágenes ni redes neuronales.","Kurtansky et al., 2025","referencias/kurtansky-2025-triaje-automatizado-tbp.md: «To date, it is the only prior study published in the area of automated 3D TBP-based skin cancer detection.»",texto completo,,
2.1,"En este dominio concreto, los organizadores señalan que existe **un único estudio previo publicado** (Kurtansky et al., 2025): Marchetti et al. (2023) ajustaron un modelo de regresión multivariado sobre medidas morfológicas que el propio sistema de captura extrae de cada lesión —tamaño, variación de color, irregularidad del borde—, sin usar las imágenes ni redes neuronales.","Marchetti et al., 2023","no localizada — la ficha describe el diseño solo en paráfrasis; lo describe Kurtansky et al. (2025): «reported that regression models could use WB360-measurments extracted from lesion tiles, like color variation, size, and border irregularity, to reduce the number of lesions requiring close inspection by 75% while maintaining 95% sensitivity for melanoma27.»",solo resumen,,
2.1,"Sobre una muestra de conveniencia de 35 pacientes de un solo centro, con 49 melanomas entre 23.538 lesiones, reportaron un AUC de 0,94 (IC 95 %: 0,92–0,96) y lo presentaron explícitamente como prueba de concepto piloto.","Marchetti et al., 2023","no localizada — la ficha registra las cifras del resumen como datos y la conclusión en paráfrasis, sin cita literal",solo resumen,,
2.1,"Kurtansky et al. (2025) describen ese modelo como capaz de reducir en un 75 % las lesiones que requieren inspección cercana manteniendo un 95 % de sensibilidad para melanoma; esa cifra no aparece en el resumen del artículo original, por lo que aquí se atribuye a quienes la reportan y no a Marchetti et al.","Kurtansky et al., 2025","referencias/kurtansky-2025-triaje-automatizado-tbp.md: «reported that regression models could use WB360-measurments extracted from lesion tiles, like color variation, size, and border irregularity, to reduce the number of lesions requiring close inspection by 75% while maintaining 95% sensitivity for melanoma27.»",texto completo,,
2.1,"Kurtansky et al. (2025) describen ese modelo como capaz de reducir en un 75 % las lesiones que requieren inspección cercana manteniendo un 95 % de sensibilidad para melanoma; esa cifra no aparece en el resumen del artículo original, por lo que aquí se atribuye a quienes la reportan y no a Marchetti et al.","Marchetti et al., 2023",no localizada — afirmación de ausencia: no se sostiene con una cita; se comprueba leyendo la fuente completa (que la cifra no esté en el resumen),solo resumen,,
2.1,"Los propios organizadores señalan su límite: el modelo no ha sido validado en estudios posteriores ni con datos de otros centros (Kurtansky et al., 2025).","Kurtansky et al., 2025",referencias/kurtansky-2025-triaje-automatizado-tbp.md: «the model has not been validated in further studies or in data from other centers»,texto completo,,
2.1,"El segundo enfoque es el de los ensambles con características de imagen, y quedó documentado por los organizadores al analizar su propia competencia.","Kurtansky et al., 2025",referencias/kurtansky-2025-triaje-automatizado-tbp.md: «Its image processing branch comprises an ensemble of three neural network classification models»,texto completo,,
2.1,"ISIC 2024 recibió 4.998 envíos oficiales de 2.739 equipos; el modelo ganador alcanzó un pAUC>80 % TPR de 0,1726 y un AUC de 0,9668 para clasificar cáncer de piel sobre el conjunto de evaluación privado (Kurtansky et al., 2025).","Kurtansky et al., 2025",referencias/kurtansky-2025-triaje-automatizado-tbp.md: «A total of 2739 participating teams entered 4998 submissions for official scoring.» … referencias/kurtansky-2025-triaje-automatizado-tbp.md: «The winning model scored pAUC>80% TPR = 0.1726 on the private leaderboard with an area under the full ROC curve (AUC) = 0.9668 for differentiating skin cancer.»,texto completo,,
2.1,"Los organizadores reevaluaron también el modelo de Marchetti et al. sobre ese conjunto —menos las 209 lesiones de un paciente que participaba en los dos estudios— y obtuvieron un AUC de 0,704 en esa misma tarea y de 0,8927 al clasificar melanoma específicamente.","Kurtansky et al., 2025",referencias/kurtansky-2025-triaje-automatizado-tbp.md: «Marchetti et al.a 0.032 0.704» … referencias/kurtansky-2025-triaje-automatizado-tbp.md: «aExcluded 209 lesions from one patient who was included in both studies.» … referencias/kurtansky-2025-triaje-automatizado-tbp.md: «published by Marchetti et al. (AUC = 0.8927)»,texto completo,,
2.1,"El estudio de ablación de Kurtansky et al. (2025) muestra que **los recortes de imagen fueron menos informativos que las medidas morfológicas preextraídas**: la variante restringida a metadatos de apariencia superó significativamente a la que usaba solo imágenes (AUC = 0,939 frente a 0,922; p = 0,016).","Kurtansky et al., 2025","referencias/kurtansky-2025-triaje-automatizado-tbp.md: «Tiles were less informative than the pre-extracted WB360 measurements. The model variant restricted to WB360 “appearance” metadata significantly outperformed the variant that utilized only tiles (AUC = 0.939 vs. AUC = 0.922, p = 0.016)»",texto completo,,
2.1,"Lo que sí resultó sustancial fue el contexto del paciente —situar cada lesión frente a las demás del mismo paciente—: al retirarlo, la discriminación cayó (AUC = 0,956 frente a 0,967; p < 0,001) y, al umbral del 80 % de sensibilidad, el sistema derivaba 22 lesiones no malignas adicionales por cada maligna detectada.","Kurtansky et al., 2025","referencias/kurtansky-2025-triaje-automatizado-tbp.md: «had a substantial effect. When patient-contextual features were withheld from the full model, skin cancer discrimination was significantly lower (AUC = 0.956 vs. AUC = 0.967, p < 0.001) and, at the threshold of 80% sensitivity, triaged 22 additional non-malignant lesions (NNT80% SE = 72.68 vs. NNT80% SE = 50.57).»",texto completo,,
2.2,"McClish (1989) planteó calcular el área bajo solo una porción de la curva, cuando el interés no abarca todo el rango de tasas de falsos positivos, y propuso la integración numérica para evaluarla.","McClish, 1989","PARCIAL — referencias/mcclish-1989-pauc-original.md (ficha): «Numerical integration is suggested for evaluating the area under a portion of the ROC curve.». No lo sostiene: «cuando el interés no abarca todo el rango de tasas de falsos positivos», que la ficha tiene solo en paráfrasis",solo resumen,,
2.2,"Esa es la familia a la que pertenece la métrica de ISIC 2024, que la competencia define como el área bajo la curva ROC y por encima del 80 % de sensibilidad, con un recorrido de 0,0 a 0,2.","Kurtansky, Rotemberg, et al., 2024","referencias/kaggle-evaluation.md (ficha): «Submissions are evaluated on partial area under the ROC curve (pAUC) above 80% true positive rate (TPR) for binary classification of malignant examples.» … referencias/kaggle-evaluation.md (ficha): «this metric focuses on the area under the ROC curve AND above 80% TPR. Hence, scores range from [0.0, 0.2].»",texto completo,,
2.2,"La justificación que da el organizador es clínica y explícita: existen regiones del espacio ROC donde los valores de sensibilidad son inaceptables en la práctica clínica, y un sistema de apoyo al diagnóstico de cáncer debe ser altamente sensible (Kurtansky, Rotemberg, et al., 2024).","Kurtansky, Rotemberg, et al., 2024","referencias/kaggle-evaluation.md (ficha): «However, there are regions in the ROC space where the values of TPR are unacceptable in clinical practice. Systems that aid in diagnosing cancers are required to be highly-sensitive»",texto completo,,
2.2,"Walter (2005) concluye que, frente a lo hallado con el AUC completo, el área parcial es bastante sensible a la heterogeneidad, que comparar pruebas se complica —sobre todo bajo truncamiento empírico— y que, en conjunto, prefiere el AUC completo.","Walter, 2005","PARCIAL — referencias/walter-2005-pauc-sroc-en-metaanalisis.md (ficha): «In contrast to earlier findings with the full AUC, the partial AUC is rather sensitive to heterogeneity.» … referencias/walter-2005-pauc-sroc-en-metaanalisis.md (ficha): «Although the partial AUC may sometimes have clinical appeal, on balance the use of the full AUC is preferred.». No lo sostiene: que comparar pruebas se complique, sobre todo bajo truncamiento empírico, que la ficha tiene solo en paráfrasis",solo resumen,,
2.2,"Su alcance, sin embargo, es la curva ROC de resumen en metaanálisis, donde cada estudio aporta un punto y la heterogeneidad es entre estudios; trasladar esas desventajas a una curva ROC empírica única sería una extensión, no una cita.","Walter, 2005","PARCIAL — referencias/walter-2005-pauc-sroc-en-metaanalisis.md (ficha): «In this paper, we extend the idea of using the partial AUC to SROC curves in meta-analysis.». No lo sostiene: que cada estudio aporte un punto y la heterogeneidad sea entre estudios, que la ficha tiene solo en prosa propia",solo resumen,,
2.2,"El artículo recibió además una réplica publicada en la misma revista, con respuesta del autor, de modo que tampoco dentro de su propio ámbito es palabra final.","Walter, 2005","no localizada — la ficha registra la réplica como dato bibliográfico (Nadarajah, Stat Med 2008, con respuesta del autor), no como texto de Walter (2005)",solo resumen,,
2.2,"Yang et al. (2019) proponen el área parcial de dos vías, que restringe simultáneamente la sensibilidad y la tasa de falsos positivos, y objetan a los enfoques que fijan un límite artificial sobre un eje para controlar el otro de forma indirecta; ese control indirecto sobre la sensibilidad es, en sus palabras, «conceptually and practically misleading» (Yang et al., 2019).","Yang et al., 2019","PARCIAL — referencias/yang-2019-two-way-partial-auc.md (ficha): «However, its indirect control on TPR is conceptually and practically misleading.» … referencias/yang-2019-two-way-partial-auc.md (ficha): «Unlike utilizing an artiﬁcial FPR lower bound to indirectly control acceptable TPR». No lo sostiene: la definición del área de dos vías, que la ficha solo localiza, sin texto",texto completo (preprint arXiv v3),,
2.2,"Esa objeción **no aplica a la métrica de ISIC 2024**, como se comprobó ejecutando la implementación oficial del organizador: el guion invierte las etiquetas antes de construir la curva, de modo que la restricción sobre la sensibilidad es directa y la tasa de falsos positivos no queda acotada en absoluto.","Kurtansky, 2024 (Challenge-2024-Metrics)","PARCIAL — referencias/isic-primary-metric-pauc.py.md (ficha): «v_gt = abs(np.asarray(v_gt)-1)» … referencias/isic-primary-metric-pauc.py.md (ficha): «fpr, tpr, _ = sklean.roc_curve(v_gt, v_pred, sample_weight=sample_weight)». No lo sostiene: que la restricción sobre la sensibilidad sea directa y el FPR no quede acotado, que es inferencia comprobada ejecutando el guion",texto completo,,
2.2,"La métrica del ranking nunca fue la única: SEtop-15 ya operaba como métrica de premio secundario durante la competición, y al analizar los resultados los organizadores la formalizaron junto a una segunda métrica orientada a la tarea clínica (Kurtansky et al., 2025).","Kurtansky et al., 2025",referencias/kurtansky-2025-triaje-automatizado-tbp.md: «two additional metrics were defined: SEtop-15 and NNTx% SE.» … referencias/kurtansky-2025-triaje-automatizado-tbp.md: «This patient-centric metric was used as a secondary prize metric in ISIC’24»,texto completo,,
2.2,"La primera, SEtop-15, mide la sensibilidad bajo la tarea hipotética de identificar las quince lesiones de mayor riesgo en cada paciente, ponderando por igual a cada paciente enfermo para que quienes tienen varias lesiones malignas no dominen el resultado.","Kurtansky et al., 2025",referencias/kurtansky-2025-triaje-automatizado-tbp.md: «SEtop-15 measured sensitivity under the hypothetical task of identifying 15 lesions with the highest risk scores on each patient.» … referencias/kurtansky-2025-triaje-automatizado-tbp.md: «The computation of SEtop-15 weighed each diseased patient equally to avoid being more strongly influenced by patients who had multiple malignancies.»,texto completo,,
2.2,"La segunda, NNTx% SE, es el número medio de lesiones que hay que derivar a evaluación experta para detectar una maligna, y los autores la emparentan explícitamente con el *number needed to biopsy* que la dermatología usa para medir el equilibrio entre detección y intervenciones evitables.","Kurtansky et al., 2025","referencias/kurtansky-2025-triaje-automatizado-tbp.md: «NNTx% SE defined the average number of lesions needed to triage to undergo expert evaluation to detect a single malignancy» … referencias/kurtansky-2025-triaje-automatizado-tbp.md: «This precision-based metric is similar to the number needed to biopsy to detect melanoma (NNB)45, which is used in dermatology to measure the trade-off between skin cancer detection and avoidable interventions.»",texto completo,,
2.2,"El contraste con la sección anterior es directo: una métrica de resumen ordena modelos, pero no dice cuántas personas sanas pasan por la consulta, y por eso quien escribió la métrica principal terminó reportando cuatro ejes.","Kurtansky et al., 2025",referencias/kurtansky-2025-triaje-automatizado-tbp.md: «Metric pAUC>80% TPR AUC NNT80% SE NNT90% SE SEtop-15»,texto completo,,
2.3,"Saeb et al. (2017) formularon el principio que gobierna este punto: para que la validación cruzada sea informativa, la relación entre el conjunto de entrenamiento y el de validación debe imitar la relación entre el entrenamiento y los datos que se esperan en el uso clínico.","Saeb et al., 2017","referencias/saeb-2017-validacion-por-sujeto.md: «However, for this procedure to be meaningful, the relationship between the training and the validation set should mimic the relationship between the training set and the dataset expected for the clinical use.»",texto completo,,
2.3,"De ahí se sigue que, si el caso de uso es diagnosticar a sujetos nuevos, la partición debe hacerse por sujeto y no por registro.","Saeb et al., 2017","referencias/saeb-2017-validacion-por-sujeto.md: «If the use-case is diagnosis, i.e., we want to develop global models that can be used for new subjects, CV must be subject-wise, meaning that the training and test sets contain records from different subjects.»",texto completo,,
2.3,"Comparando ambas estrategias sobre datos públicos y sobre una simulación, encontraron que la partición por registro a menudo sobreestima masivamente la precisión, y que casi la mitad de los estudios revisados —los que predicen desenlaces clínicos a partir de acelerómetros, sensores portátiles o teléfonos— usaba esa estrategia optimista.","Saeb et al., 2017","referencias/saeb-2017-validacion-por-sujeto.md: «Using both a publicly available dataset and a simulation, we found that record-wise CV often massively overestimates the prediction accuracy of the algorithms. We also conducted a systematic review of the relevant literature, and found that this overly optimistic method was used by almost half of the retrieved studies that used accelerometers, wearable sensors, or smartphones to predict clinical outcomes.»",texto completo,,
2.3,"La prescripción no se aceptó sin discusión, y la réplica se publicó junto al artículo original.","Little et al., 2017","referencias/little-2017-perspectivas-sobre-saeb.md: «See ""The need to approximate the use-case in clinical machine learning"" on page 1.»",texto completo,,
2.3,"Little (en Little et al., 2017) acepta la diferencia observada, pero discute tanto lo que demuestra —propone el subajuste como explicación alternativa que no se puede descartar— como su aplicación automática: que la partición por sujeto sea aplicable o no depende de la estructura de dependencia y de distribución de los datos, que puede coincidir o no con el caso de uso pretendido.","Little et al., 2017","referencias/little-2017-perspectivas-sobre-saeb.md: «As Saeb et al.’s [1] empirical evidence shows quite clearly, there are practical situations in which there is an apparently systematic difference between prediction error estimates obtained by record-wise CV and by subject-wise CV.» … referencias/little-2017-perspectivas-sobre-saeb.md: «subject-wise CV causes systematic underfitting in practice in this situation: an alternative explanation for Saeb et al.’s empirical findings that we cannot rule out.» … referencias/little-2017-perspectivas-sobre-saeb.md: «whether subject-wise CV is applicable or not depends upon the dependency and distributional structure of the data, and this may or may not coincide with the intended ‘use-case.’»",texto completo,,
2.3,"Varoquaux (en Little et al., 2017), en la misma revisión, sostiene la posición contraria en lo que aquí importa: en un escenario de aplicación claro, como uno clínico, el uso previsto debe dictar el esquema de validación.","Little et al., 2017","referencias/little-2017-perspectivas-sobre-saeb.md: «Yet, in a clear application setting, as for a clinical purpose, the intended usage should dictate the cross-validation setting.»",texto completo,,
2.3,"Kapoor y Narayanan (2023) dan la escala del problema: revisando la literatura de campos que adoptaron aprendizaje automático, encontraron fuga de datos en 17 disciplinas, afectando al menos a 294 artículos, y propusieron una taxonomía de ocho tipos.","Kapoor y Narayanan, 2023","referencias/kapoor-2023-fuga-y-reproducibilidad.md: «we find 17 fields where leakage has been found, collectively affecting 294 papers» … referencias/kapoor-2023-fuga-y-reproducibilidad.md: «we introduce a detailed taxonomy of eight types of leakage»",texto completo,,
2.3,"La falta de independencia entre entrenamiento y prueba es su tipo L3.2, y el detalle de dónde lo clasifican es pertinente: no bajo la categoría de ausencia de separación limpia entre entrenamiento y prueba, sino bajo la de que el conjunto de prueba no procede de la distribución de interés científico.","Kapoor y Narayanan, 2023",referencias/kapoor-2023-fuga-y-reproducibilidad.md: «[L1] Lack of clean separation of training and test dataset.» … referencias/kapoor-2023-fuga-y-reproducibilidad.md: «[L3] Test set is not drawn from the distribution of scientific interest.» … referencias/kapoor-2023-fuga-y-reproducibilidad.md: «[L3.2] Nonindependence between training and test samples.»,texto completo,,
2.3,"Para ellos, la no independencia constituye fuga *salvo que la afirmación científica sea sobre una distribución con la misma estructura de dependencia*, lo que es la misma idea del caso de uso de Saeb et al. formulada desde el otro lado.","Kapoor y Narayanan, 2023","referencias/kapoor-2023-fuga-y-reproducibilidad.md: «Nonindependence between training and test samples constitutes leakage, unless the scientific claim is about a distribution that has the same dependence structure.»",texto completo,,
2.3,"Su estudio de caso muestra el efecto: en predicción de guerras civiles, la supuesta superioridad de los modelos complejos sobre la regresión logística desaparece una vez corregida la fuga.","Kapoor y Narayanan, 2023","referencias/kapoor-2023-fuga-y-reproducibilidad.md: «Interestingly, when we corrected for data leakage, the supposed superiority of ML models disappeared»",texto completo,,
2.3,"Cassidy et al. (2022) analizaron las ediciones de 2016 a 2020 y encontraron un número considerable de imágenes duplicadas dentro de cada conjunto y entre conjuntos, incluidos duplicados repartidos entre los conjuntos de entrenamiento y de prueba; su estrategia de depuración retiró 14.310 imágenes del conjunto de entrenamiento.","Cassidy et al., 2022","referencias/cassidy-2022-duplicados-isic.md: «present an analysis of yearly releases over a period of 2016 - 2020. Our analysis found a signiﬁcant number of duplicate images, both within and between the datasets. Additionally, we also noted duplicates spread across testing and training sets.» … referencias/cassidy-2022-duplicados-isic.md: «As a result of removing 14,310 duplicate im- ages from the training set»",texto completo,,
2.3,"Son conjuntos dermatoscópicos anteriores, no SLICE-3D, y el mecanismo es la duplicación de imágenes y no la agrupación por paciente: sirve como precedente de que el defecto ocurre en estos datos, no como evidencia sobre los de este proyecto.","Cassidy et al., 2022","PARCIAL — referencias/cassidy-2022-duplicados-isic.md: «They contain tens of thousands of dermoscopic photographs». No lo sostiene: que no incluya SLICE-3D, que se sigue de las fechas y no está dicho",texto completo,,
2.3,"La condición que plantea Little tiene dos partes, y para este caso solo una está resuelta de antemano.","Little et al., 2017","referencias/little-2017-perspectivas-sobre-saeb.md: «whether subject-wise CV is applicable or not depends upon the dependency and distributional structure of the data, and this may or may not coincide with the intended ‘use-case.’»",texto completo,,
2.3,"El uso previsto sí lo está: el conjunto de evaluación de ISIC 2024 se compiló con pacientes distintos a los del entrenamiento (Kurtansky et al., 2025), de modo que lo que se afirma es sobre pacientes nuevos.","Kurtansky et al., 2025",referencias/kurtansky-2025-triaje-automatizado-tbp.md: «Competing submissions were judged on test data compiled from the same medical centers (albeit different patients than the training dataset)»,texto completo,,
2.3,La otra parte —la estructura de dependencia de los datos— no la resuelve la literatura revisada.,literatura revisada en 2.3,no localizada — afirmación de ausencia: no se sostiene con una cita; se comprueba leyendo la fuente completa,varias,,
2.3,"Que un paciente aporte muchas lesiones establece agrupamiento, y el propio Little advierte que el agrupamiento no implica dependencia por sí solo.","Little et al., 2017",referencias/little-2017-perspectivas-sobre-saeb.md: «Clustering does not necessarily imply dependence» … referencias/little-2017-perspectivas-sobre-saeb.md: «Does the fact that the data is clustered imply that observations are dependent? The answer is of course no»,texto completo,,
2.4,"En teledermatología, Sáenz et al. (2018) midieron en cuántas consultas —48 de 64, un 75 %, con un intervalo de confianza del 95 % entre 64,4 % y 85,6 %— al menos uno de los ocho diagnósticos diferenciales que producía una ontología coincidía con el de la dermatóloga que juzgó el caso después; las consultas se registraron durante una brigada de salud en una zona desfavorecida.","Sáenz et al., 2018","referencias/saenz-2018-app-teledermatologia-colombia.md: «A total of 64 dermatological queries were recorded in the application and consulted with ONTODerm.» … referencias/saenz-2018-app-teledermatologia-colombia.md: «In 75% (n = 48) of the cases, the ontology provided accurate results.» … referencias/saenz-2018-app-teledermatologia-colombia.md: «between 64.4% and 85.6% with a confidence interval of 95%.» … referencias/saenz-2018-app-teledermatologia-colombia.md: «the set of eight differentials was marked as accurate if at least one of the differentials was consistent with the dermatologist's diagnosis.» … referencias/saenz-2018-app-teledermatologia-colombia.md: «The use of the app was made within the context of a program called Health Brigades in Colombia.» … referencias/saenz-2018-app-teledermatologia-colombia.md: «A Case Study in an Underprivileged Area in Colombia»",texto completo,,
2.4,"Barrera-Valencia y Perea-Flórez (2024) compararon los tiempos de atención de un servicio de teledermatología para población rural dispersa, con computador y cámara frente a teléfono inteligente, en un estudio que presentan como comparación de costos.","Barrera-Valencia y Perea-Flórez, 2024",referencias/barrera-valencia-2024-costos-teledermatologia.md (ficha): «the dispersed and isolated rural population» … referencias/barrera-valencia-2024-costos-teledermatologia.md (ficha): «This article examines the implementation of a teledermatology service using a PC and camera versus smartphone technology.» … referencias/barrera-valencia-2024-costos-teledermatologia.md (ficha): «the average total duration of the teleconsultation was longer on the traditional platform compared with the mobile device (13.03 vs. 8.27 min).» … referencias/barrera-valencia-2024-costos-teledermatologia.md (ficha): «The cost reduction suggests that the operation of the service is more efficient with smartphone technology»,solo resumen,,
2.4,"En mapeo corporal digital, Mejía Posada et al. (2024) revisaron retrospectivamente las historias clínicas de 368 pacientes con síndrome de nevus atípico atendidos en una clínica especializada de Medellín entre 2017 y 2022, y encontraron melanoma en el 12,2 % de ellos.","Mejía Posada et al., 2024","referencias/mejia-posada-2024-mapeo-corporal-medellin.md: «This was a health record-based cohort, retrospective, observational, and follow-up trial.» … referencias/mejia-posada-2024-mapeo-corporal-medellin.md: «a specialized skin cancer and digital body mapping clinic in Medellin, Colombia, between January 2017 and December 2022.» … referencias/mejia-posada-2024-mapeo-corporal-medellin.md: «A total of 368 patients (187 women)» … referencias/mejia-posada-2024-mapeo-corporal-medellin.md: «Melanoma was diagnosed in 12.2% of patients during follow-up.»",texto completo,,
2.4,"Y en aprendizaje automático dermatológico hay trabajo con participación colombiana: Rios-Duarte et al. (2024), con los cinco autores en universidades del país, y dos estudios en colaboración entre la Universidad del Norte y la Universidad de Deusto (Jojoa Acosta et al., 2021; Jojoa et al., 2022).","Rios-Duarte et al., 2024","referencias/rios-duarte-2024-cnn-melanoma-uniandes.md: «1 School of Medicine, Universidad de los Andes, Bogotá, Colombia» … referencias/rios-duarte-2024-cnn-melanoma-uniandes.md: «2 Department of Mathematics, Universidad Externado de Colombia, Bogotá, Colombia»",texto completo,,
2.4,"Y en aprendizaje automático dermatológico hay trabajo con participación colombiana: Rios-Duarte et al. (2024), con los cinco autores en universidades del país, y dos estudios en colaboración entre la Universidad del Norte y la Universidad de Deusto (Jojoa Acosta et al., 2021; Jojoa et al., 2022).","Jojoa Acosta et al., 2021","referencias/jojoa-acosta-2021-aprendizaje-profundo-melanoma.md: «eVida Research Laboratory, University of Deusto» … referencias/jojoa-acosta-2021-aprendizaje-profundo-melanoma.md: «Department of Electrical and Electronics Engineering, Universidad del Norte, Km.5 Vía Puerto Colombia, Barranquilla, Colombia»",texto completo,,
2.4,"Y en aprendizaje automático dermatológico hay trabajo con participación colombiana: Rios-Duarte et al. (2024), con los cinco autores en universidades del país, y dos estudios en colaboración entre la Universidad del Norte y la Universidad de Deusto (Jojoa Acosta et al., 2021; Jojoa et al., 2022).","Jojoa et al., 2022","referencias/jojoa-2022-redes-complejas-melanoma.md: «Department of Computer Science and Engineering, University of Deusto» … referencias/jojoa-2022-redes-complejas-melanoma.md: «University of North, Barranquilla 080002, Colombia»",texto completo,,
2.4,"Los tres clasifican melanoma a partir de imágenes, y ninguno usa datos de pacientes colombianos: entrenan y evalúan sobre conjuntos internacionales —la base de los siete criterios, ISIC y PH2—.","Rios-Duarte et al., 2024","PARCIAL — referencias/rios-duarte-2024-cnn-melanoma-uniandes.md: «Comprehensive analysis of clinical images contributions for melanoma classification using convolutional neural networks» … referencias/rios-duarte-2024-cnn-melanoma-uniandes.md: «A total of 914 pairs of images were gathered from public dermatology image repositories, comprising 822 from the “7‐point criteria evaluation database” 21 and 92 from “The International Skin Imaging Collaboration” 22 (ISIC) repository.». No lo sostiene: que ninguno use datos de pacientes colombianos, que es una afirmación de ausencia",texto completo,,
2.4,"Los tres clasifican melanoma a partir de imágenes, y ninguno usa datos de pacientes colombianos: entrenan y evalúan sobre conjuntos internacionales —la base de los siete criterios, ISIC y PH2—.","Jojoa Acosta et al., 2021","PARCIAL — referencias/jojoa-acosta-2021-aprendizaje-profundo-melanoma.md: «this work uses the ISIC 2017 database, which has more than 2000 high resolution dermatoscopic images» … referencias/jojoa-acosta-2021-aprendizaje-profundo-melanoma.md: «Data augmentation and addition of PH2 images applied to “malignant” class images». No lo sostiene: que ninguno use datos de pacientes colombianos, que es una afirmación de ausencia",texto completo,,
2.4,"Los tres clasifican melanoma a partir de imágenes, y ninguno usa datos de pacientes colombianos: entrenan y evalúan sobre conjuntos internacionales —la base de los siete criterios, ISIC y PH2—.","Jojoa et al., 2022","PARCIAL — referencias/jojoa-2022-redes-complejas-melanoma.md: «We specifically focus on melanoma and heart murmurs.» … referencias/jojoa-2022-redes-complejas-melanoma.md: «Three clinical data sets, ISIC2017, PH2, and Pascal, were used to carry out the experiments.». No lo sostiene: que ninguno use datos de pacientes colombianos, que es una afirmación de ausencia",texto completo,,
2.5,"El principio de validación por sujeto está establecido y también acotado por su réplica; la escala de la fuga está documentada de forma transversal y, dentro del ecosistema ISIC, con nombre propio; la crítica a la métrica de área parcial existe y está publicada; y los propios organizadores reportan cuatro ejes de desempeño porque uno solo no agota lo que declararon necesitar.","Kurtansky et al., 2025","PARCIAL — referencias/kurtansky-2025-triaje-automatizado-tbp.md: «Metric pAUC>80% TPR AUC NNT80% SE NNT90% SE SEtop-15». No lo sostiene: el resto del resumen, que remite a las filas de 2.1 a 2.3",texto completo,,
2.5,Lo que no se encontró en ninguna de esas fuentes es un examen de **cuánto cambia el veredicto sobre un mismo modelo según qué decisiones metodológicas por defecto se acepten**.,fuentes de 2.1 a 2.3,no localizada — afirmación de ausencia: no se sostiene con una cita; se comprueba leyendo la fuente completa,varias,,
2.5,"Los organizadores parten por paciente y lo declaran, sin cuantificar qué habría ocurrido de no hacerlo.","Kurtansky et al., 2025","PARCIAL — referencias/kurtansky-2025-triaje-automatizado-tbp.md: «Competing submissions were judged on test data compiled from the same medical centers (albeit different patients than the training dataset)». No lo sostiene: que no cuantifiquen qué habría ocurrido de no hacerlo, que es una afirmación de ausencia",texto completo,,
2.5,Marchetti et al. (2023) reportan un AUC sin que el resumen permita saber con qué esquema de validación se obtuvo.,"Marchetti et al., 2023",no localizada — afirmación de ausencia: no se sostiene con una cita; se comprueba leyendo la fuente completa,solo resumen,,
2.5,"Kapoor y Narayanan (2023) muestran que corregir la fuga borra la ventaja de los modelos complejos, pero en otro dominio y con otro mecanismo.","Kapoor y Narayanan, 2023","PARCIAL — referencias/kapoor-2023-fuga-y-reproducibilidad.md: «Interestingly, when we corrected for data leakage, the supposed superiority of ML models disappeared». No lo sostiene: «en otro dominio y con otro mecanismo», que es lectura propia",texto completo,,
